410234088,SBI3C1;49,FSF1D1;36,SNC1D1;47,SNC1DG;63,AWJ2O1;25,SNC1D7;44,PPL2O8;3,SNC2D1;9
453161448,BTT1O1;7,ENG1D2;65,CGC1D2;28,PPL1O8;0,SNC1D1;63,SNC1D7;44,SNC1D2;19,FSF1D2;42
452769920,ADA1O1;27,BTT1O1;40,SNC1D1;47,CGC1D1;14,ENG1D1;5,SNC1D7;44,SNC1D2;19,FSF1D1;37
453313323,,FSF1D1;36,SNC1DG;68,,PPL4O9;0,CPW4U1;53,SNC1D2;19,SNC1D1;34
462275067,AVI1O1;34,SNC1P1;64,BTT1O1;36,ADA1O1;27,SNC1D7;37,FSF1P1;63,PAI1O1;33,SNC1D1;34
473669637,AVI1O1;34,FSF1D1;36,SNC1DG;68,CGC1D1;14,ENG1D1;5,FSF1P1;63,SNC1D2;19,SNC1D1;34
427586403,ADA1O1;27,AVI1O1;24,BTT1O1;36,CGC1D1;14,ENG1D1;5,FSF1P1;63,SNC1D2;19,SNC1D1;34
466987466,FSF1D1;12,COP3X#;62,SNC1DG;68,HSP3U1;42,TDJ3M1;30,SNC1D7;44,SNC1D2;19,SNC1D1;34
456354408,SNC1DG;10,FSF1D1;36,DCO3OC;57,AVI3M1;55,SNC1D1;63,SNC1D7;44,ENG3U1;66,SBI3U1;2
485239591,SBI3C1;49,FSF1D1;36,SNC1DG;68,EWC4U1;2,ENG1D1;5,SNC1D7;44,SNC1D2;19,SNC1D1;34
462114107,FSF1D1;12,MCF3M1;45,SNC1D1;47,SNC1DG;63,MDM4U1;45,CPW4U1;53,ENG3U1;66,CHY4U1;67
489921655,,FSF1D1;36,SBI4U1;9,SNC1DG;63,FSF4U1;58,SCH4U1;21,SNC1D2;19,SNC1D1;34
485005301,ADA1O1;27,PPL1O8;3,SNC1D1;47,CGC1D1;14,ENG1D1;5,SNC1D7;44,SNC1D2;19,FSF1D1;37
446999780,MHF4U1;62,ZREMOT;25,SNC1DG;68,PPL4O9;3,SCH4U1;11,SNC1D7;44,SPH4U1;0,SNC1D1;34
463716729,SBI3C1;49,FSF1D1;36,SNC1DG;68,CIA4U1;20,ENG1D1;5,SNC1D7;44,SNC1D2;19,SNC1D1;34
493115787,ADA1O1;27,PPL1O8;3,BTT1O1;36,CGC1D1;14,ENG1D1;5,SNC1D7;44,SNC1D2;19,FSF1D2;42
443258141,SBI3C1;49,FSF1D1;36,SNC1DG;68,EWC4U1;2,ENG1D1;5,SNC1D7;44,SNC1D2;19,SNC1D1;34
492458604,BTT1O1;7,FSF1D1;36,SNC1D1;47,SNC1DG;63,ENG1D1;5,SNC1D7;44,SNC1D2;19,ESLCO1;4
492562704,SBI3C1;49,FSF1D1;36,SNC1D1;47,SNC1DG;63,ENG1D1;5,SNC1D7;44,PPL2O8;3,SNC2D1;9
450912451,MHF4U1;62,,SBI4U1;9,CIA4U1;20,FSF4U1;58,CPW4U1;53,SPH4U1;0,
499037881,SBI3C1;49,HSP3U1;12,SNC1DG;68,EWC4U1;2,FSF1D1;48,SNC1D7;44,ENG3U1;66,SNC1D1;34
407208554,BTT1O1;7,PPL1O8;3,AMI1O4;26,CGC1D1;14,ENG1D1;5,SNC1D7;44,SNC1D2;19,FSF1D1;37
461925648,SBI3C1;49,FSF1D1;36,SNC1DG;68,EWC4U1;2,,SNC1D7;44,SNC1D2;19,SNC1D1;34
410404136,BTT1O1;7,FSF1DG;16,SNC1D1;47,CGC1D1;14,ENG1D1;5,ADA1O1;27,SNC1D2;19,FSF1D1;37
482175680,SBI3C1;49,FSF1D1;36,SNC1DG;68,CIA4U1;20,,SNC1D7;44,SNC1D2;19,SNC1D1;34
413718911,,FSF1D1;36,SNC1DG;68,EWC4U1;2,SNC1D7;37,CPW4U1;53,SNC1D2;19,SNC1D1;34
429512702,SBI3C1;49,MBF3C1;32,DCO3OC;57,SNC1DG;63,SNC1D1;63,SNC1D7;44,SNC1D2;19,ENG3C1;36
450266988,SNC1DG;10,ZREMOT;25,ADA3M1;27,AVI3M1;55,FSF1D1;48,SNC1D7;44,ENG3U1;66,SNC1D1;34
495089650,SNC1DG;10,FSF1D1;36,SNC1D1;47,PAF2O9;57,ENG1D1;5,SNC1D7;44,SNC1D2;19,SNC2D1;9
404284534,BTT1O1;7,FSF1DG;16,SNC1D1;47,CGC1D1;14,ENG1D1;5,SNC1D7;44,SNC1D2;19,FSF1D1;37
424721355,SNC2D1;36,FSF1DG;16,SNC1D1;47,CGC1D1;14,ENG1D1;5,SNC1D7;44,SNC1D2;19,FSF1D1;37
488887407,AMI2O1;26,FSF1D1;36,SNC1D1;47,PAF2O9;57,ENG1D1;5,SNC1D7;44,SNC1D2;19,SNC2D1;9
488912185,MHF4U1;62,ADA4M1;27,SBI4U1;9,,FSF4U1;58,SCH4U1;21,SPH4U1;0,
489077129,SBI3C1;49,FSF1D1;36,SNC1D1;47,SNC1DG;63,ENG1D1;5,SNC1D7;44,ADA2O1;27,SNC2D1;9
424010336,SBI3C1;49,HSP3U1;12,SNC1D1;47,SNC1DG;63,FSF1D1;48,SNC1D7;44,TEJ3M1;30,SBI3U1;2
416589223,SNC1DG;10,FSF1D1;36,SBI4U1;9,EWC4U1;2,ENG1D1;5,SNC1D7;44,SNC1D2;19,SNC1D1;34
467688956,FSF1D1;12,HSP3U1;12,TEJ3M1;29,SNC1DG;63,TDJ3M1;30,SNC1D7;44,ENG3U1;66,SNC1D1;34
455249309,SNC1DG;10,FSF1D1;36,SNC1D1;47,BBI2O7;23,IDC3OE;33,SNC1D7;44,ADA2O1;27,SNC2D1;9
481980471,SBI3C1;49,FSF1D1;36,SNC1DG;68,EWC4U1;2,ENG1D1;5,SNC1D7;44,SNC1D2;19,SNC1D1;34
494835622,AVI1O1;34,GLE1O1;43,SNC1DG;68,ADA1O1;27,ENG1D1;5,FSF1P1;63,SNC1P1;14,SNC1D1;34
480247391,AVI1O1;34,FSF1D1;36,SNC1DG;68,CGC1D1;14,SNC1D7;37,AWQ4M1;68,ESLEO1;65,SNC1D1;34
465170682,FSF1D1;12,FSF1DG;16,SNC1DG;68,SNC1D1;64,SNC1D7;37,AWQ4M1;68,SNC1D2;19,SNC2D1;9
449296443,FSF1D1;12,FSF1DG;16,SNC1DG;68,EWC4U1;2,SNC1D7;37,AWQ4M1;68,SNC1D2;19,SNC1D1;34
486471357,FSF1D1;12,FSF1DG;16,SNC1DG;68,EWC4U1;2,SNC1D7;37,AWQ4M1;68,SNC1D2;19,SNC1D1;34
434430051,ADA1O1;27,FSF1DG;16,CGC1D1;38,AVI1O1;35,ENG1D1;5,AWQ4M1;68,AMR1O1;1,FSF1D1;37
457129087,SPH4U1;50,ADA4M1;27,SNC1DG;68,SNC1D1;64,ADB4M1;28,SCH4U1;21,SNC1D2;19,HZT4U1;38
460240597,CIE3M1;2,HSP3U1;12,DCO3OC;57,SNC1DG;63,SBI4UE;23,AWQ4M1;68,ENG1D1;47,SNC1D1;34
455387196,MHF4U1;62,FSF1DG;16,SBI4U1;9,SNC1DG;63,SCH4U1;11,AWQ4M1;68,,SNC1D1;34
421611004,FSF1D1;12,FSF1DG;16,SNC1DG;68,EWC4U1;2,SNC1D7;37,AWQ4M1;68,ENG1D1;47,SNC1D1;34
450209027,FSF1D1;12,ZREMOT;25,SNC1DG;68,SNC1D1;64,PPL4O9;0,AWQ4M1;68,,TGV4M1;6
452475110,FSF1D1;12,,SNC1DG;68,SNC1D1;64,ADB4M1;28,AWQ4M1;68,,GLE4O1;68
401429986,FSF1D1;12,HSP3U1;12,IDC3O1;41,SNC1DG;63,SPH4U1;57,AWQ4M1;68,ENG1D1;47,SNC1D1;34
470760931,CIE3M1;2,HSP3U1;12,PAF3O9;52,SNC1DG;63,SNC1D7;37,AWQ4M1;68,ENG3U1;66,SNC1D1;34
496563229,ADA1O1;27,MTH1WG;33,BTT1O1;36,FSF1DG;67,CGC1DG;19,AWQ4M1;68,ENG1D1;47,ENG1DG;12
489498950,ADA1O1;27,FSF1DG;16,SNC1DG;68,AVI1O1;35,ENG1D1;5,FSF1P1;63,ESLEO1;65,SNC1D1;34
476948085,FSF1D1;12,FSF1DG;16,SNC1DG;68,EWC4U1;2,SNC1D7;37,AWC4M1;66,,SNC1D1;34
460799387,AVI1O1;34,FSF1DG;16,SNC1DG;68,CGC1D1;14,ENG1D1;5,AWQ4M1;68,ESLEO1;65,SNC1D1;18
468922181,MHF4U1;62,FSF1DG;16,SBI4U1;9,AVI4M1;65,SCH4U1;11,AWQ4M1;68,,SNC1D1;18
492321230,FSF1D1;12,FSF1DG;16,SNC2P1;59,SNC1D1;64,AWJ2O1;25,AWQ4M1;68,ADA2O1;27,ENG3C1;36
465053383,FSF1D1;12,FSF1DG;16,SNC1DG;68,SNC1D1;46,AWJ2O1;25,AWQ4M1;68,ENG1D1;47,SNC2D1;9
407570260,FSF1D1;12,ADA4M1;27,SNC1DG;68,SNC1D1;46,HZT4U1;59,AWQ4M1;68,,ENG3C1;36
418940412,,,SNC1DG;68,SNC1D1;46,SNC1D7;37,AWQ4M1;68,,ENG3C1;36
451032749,AVI1O1;34,PPL1O8;3,BTT1O1;36,CGC1D1;14,ENG1D1;5,AWQ4M1;68,ESLEO1;65,FSF1D1;37
486497418,FSF1D1;12,MCF3M1;45,ADA3M1;27,SNC1DG;63,SNC1D1;63,AWQ4M1;68,ENG3U1;66,SBI3U1;2
407499135,FSF1D1;12,PPL2O9;4,ZREMOT;6,SNC1DG;63,SNC1D1;63,AWQ4M1;68,ADA2O1;27,SNC2D1;9
492857150,MHF4U1;62,FSF1DG;16,SBI4U1;9,SNC1DG;63,SCH4U1;11,AWQ4M1;68,ENG1D1;47,SBI3U1;2
479242595,ADA1O1;27,PPL1O8;3,ZREMOT;6,CGC1D1;14,ENG1D1;5,AWQ4M1;68,ESLEO1;65,FSF1D1;37
442000653,SBI3C1;49,FSF1DG;16,PAF3O9;52,SNC1DG;63,SNC1D1;63,AWQ4M1;68,ADA2O1;27,SNC2D1;9
463838980,SBI3C1;49,AWD3M1;63,IDC3O1;41,SNC2D1;60,SNC1D1;63,AWQ4M1;68,ENG1D1;47,HPW3C1;40
444952974,SBI3C1;49,COP3X#;62,SNC1DG;68,EWC4U1;2,SNC1D1;63,AWQ4M1;68,ENG1D1;47,SBI3U1;2
494756938,SBI3C1;49,FSF1DG;16,SNC1DG;68,EWC4U1;2,SNC1D1;63,MDM4U1;35,ENG1D1;47,SBI3U1;2
489940260,ADA1O1;27,FSF1DG;16,BTT1O1;36,EWC4U1;2,ENG1D1;5,FSF1P1;63,ESLEO1;65,SNC1D1;18
443383129,SBI3C1;49,ADA4M1;27,PAF3O9;52,CIA4U1;20,FSF4U1;58,MDM4U1;35,,SNC1D1;18
446412865,AVI1O1;34,PPL1O8;3,PAF3O9;52,CGC1D1;14,ENG1D1;5,AWQ4M1;68,ESLEO1;65,FSF1D1;37
458412179,ADA1O1;27,PPL1O8;3,AMI1O4;26,CGC1D1;14,ENG1D1;5,AWQ4M1;68,ESLEO1;65,FSF1D1;37
405493249,CIE3M1;2,COP3X#;62,ADA3M1;27,HSP3U1;42,SNC1D1;63,AWQ4M1;68,ENG3U1;66,ENG3C1;36
411622261,SBI3C1;49,COP3X#;62,PAF3O9;52,EWC4U1;2,SNC1D1;63,FSF1D1;60,ENG3U1;66,ENG3C1;36
447460111,SBI3C1;49,ZREMOT;25,PAF3O9;52,ADB2O1;4,FSF1D1;48,ICS3U6;54,ESLEO1;65,SNC2D1;9
479634908,MHF4U1;62,FSF1DG;16,SBI4U1;9,EWC4U1;2,SCH4U1;11,CPW4U1;53,SPH4U1;0,SNC1D1;18
466648107,SBI3C1;49,ENG4C1;48,ZREMOT;6,EWC4U1;2,FSF1D1;48,ICS3U6;54,,HPW3C1;40
472544756,AVI1O1;34,FSF1DG;16,BTT1O1;36,CGC1D1;14,ENG1D1;5,ICS3U6;54,AMR1O1;1,FSF1D1;37
414004283,MHF4U1;62,FSF1DG;16,PAF3O9;52,EWC4U1;2,PPL4O9;0,SCH4U1;21,SPH4U1;0,SNC1D1;18
402086183,SBI3C1;49,ZREMOT;25,PAF3O9;52,FSF1DG;67,FSF1D1;48,ICS3U6;54,ESLEO1;65,ICS2OG;53
464939604,SBI3C1;49,FSF1DG;16,IDC4U3;62,EWC4U1;2,FSF1D1;48,AWD4M1;5,ENG3U1;66,TGV4M1;6
495627364,SBI3C1;49,COP3X#;62,PAF3O9;52,HSP3U1;42,FSF1D1;48,ICS3U6;54,ENG3U1;66,SNC1D1;18
426550529,SBI3C1;49,FSF1DG;16,PAF3O9;52,EWC4U1;2,FSF1D1;48,ICS3U6;54,PPL2O8;3,SNC2D1;9
415657801,SBI3C1;49,FSF1DG;16,SBI3U1;45,EWC4U1;2,FSF1D1;48,ICS3U6;54,ENG3U1;66,COP3X9;10
444327762,MHF4U1;62,FSF1DG;16,IDC4U3;62,EWC4U1;2,SCH4U1;11,FSF1D1;60,SPH4U1;0,SNC1D1;18
447035877,AVI1O1;34,FSF1DG;16,BTT1O1;36,ADA1O1;27,FSF1D1;48,FSF1P1;63,ESLEO1;65,ENG1D1;22
498746254,MHF4U1;62,GLE1O1;43,SBI4U1;9,EWC4U1;2,SCH4U1;11,AWC4M1;66,ESLEO1;65,SNC1D1;18
402123510,SBI3C1;49,GLE1O1;43,SBI4U1;9,EWC4U1;2,FSF4U1;58,MDM4U1;35,ESLEO1;65,SNC1D1;18
430333409,SBI3C1;49,GLE1O1;43,PAF3O9;52,EWC4U1;2,FSF1D1;48,ICS3U6;54,ESLEO1;65,SNC2D1;9
454653116,SBI3C1;49,GLE1O1;43,AWC3O1;43,EWC4U1;2,TDJ3M1;30,FSF1D1;60,ENG3U1;66,SBI3U1;2
445695195,ENG1D1;19,HSP3U1;12,ADA3M1;27,EWC4U1;2,AWL3M1;38,TDJ3M1;11,ENG3U1;66,SNC1D1;18
410908048,ENG1D1;19,GLE1O1;43,IDC3O1;41,SNC2D1;60,FSF1D1;48,ICS3U6;54,PAI2O1;18,SBI3U1;2
423359188,MHF4U1;62,GLE1O1;43,AWC3O1;43,AVI3M1;55,TDJ3M1;30,FSF1D1;60,ESLEO1;65,SNC1D1;18
427274172,ADA1O1;27,GLE1O1;43,BTT1O1;36,CGC1D1;14,FSF1D1;48,ICS3U6;54,ESLEO1;65,PAI1O1;17
408047810,MHF4U1;62,GLE1O1;43,PAF3O9;52,EWC4U1;2,SCH4U1;11,TDJ3M1;11,SPH4U1;0,SNC1D1;18
478722292,AMR2O1;11,GLE1O1;43,PAF3O9;52,SNC2D1;60,ENG1DG;4,ICS3U6;54,ESLEO1;65,FSF1D1;37
495066207,AVI1O1;34,GLE1O1;43,BTT1O1;36,CGC1D1;14,ADA1O1;27,FSF1P1;63,PAI1O1;33,ENG1D1;22
417156557,ENG1D1;19,HSP3U1;12,PAF3O9;52,EWC4U1;2,ENG1DG;4,FSF1D1;60,ESLEO1;65,SNC2D1;9
416880792,ENG1D1;19,GLE1O1;43,IDC4U3;62,EWC4U1;2,FSF1D1;34,ICS3U6;54,,SNC1D1;18
452222771,ENG1D1;19,MCV4UE;35,TEJ3M1;29,ZREMOT;59,SCH4UE;67,ICS3U6;54,ENG3U1;66,MDM4UE;57
444743011,ENG1D1;19,MPM2D2;2,ZREMOT;6,CGC1D1;14,ADA1O1;27,ICS3U6;54,PAI1O1;33,SNC1D1;18
462085509,,ZREMOT;25,,AVI4M1;65,SPH4U1;57,AWC4M1;66,,SNC1D1;18
466507439,PPL1O8;4,GLE1O1;43,BTT1O1;36,AVI1O1;35,FSF1D1;34,ICS3U6;54,ESLEO1;65,ESLCO1;4
446389058,AVI1O1;34,ZREMOT;25,PAF3O9;52,FSF1DG;67,FSF1D1;34,ICS3U6;54,ESLEO1;65,ESLCO1;4
443794926,ENG1D1;19,MCF3M1;45,PAF3O9;52,ESLDO1;45,FSF1D1;34,ICS3U6;54,ESLEO1;65,SNC1D1;18
468212418,ENG1D1;19,ZREMOT;25,PAF3O9;52,FSF1DG;67,FSF1D1;34,ICS3U6;54,PAI2O1;18,SNC2D1;9
447614504,CIE3M1;2,HSP3U1;12,PAF3O9;52,FSF1DG;67,FSF1D1;34,ICS3U6;54,ENG3U1;66,SBI3U1;2
472972660,ENG1D1;19,GLE1O1;43,SBI4U1;9,FSF1DG;67,FSF1D1;34,AWC4M1;66,ESLEO1;65,SNC1D1;18
420798221,AVI1O1;34,PPL1O8;3,BTT1O1;36,CGC1D1;14,ADA1O1;27,FSF1P1;63,ESLEO1;65,ENG1D1;22
498146937,SPH4U1;50,GLE1O1;43,SBI4U1;9,AVI4M1;65,SCH4U1;11,ICS3U6;54,,SNC1D1;18
481500053,BTT1O1;7,ENG1D2;65,CGC1D2;28,FSF1DG;67,ENG1DG;4,ICS3U6;54,ESLEO1;65,FSF1D1;37
403156212,AVI1O1;34,PPL1O8;3,BTT1O1;36,CGC1D1;14,FSF1D1;34,ADA1O1;27,ESLEO1;65,ENG1D1;22
417004957,ENG1D1;19,ADA4M1;27,PAF3O9;52,FSF1DG;67,ADB4M1;28,ICS3U6;54,,SNC1D1;18
410131045,ENG1D1;19,MBF3C1;32,AWC3O1;43,FSF1DG;67,DCO3OC;43,ENG2P1;20,ESLEO1;65,ENG3C1;36
487690792,ENG1D1;19,GLE1O1;43,AWC3O1;43,ESLDO1;45,TDJ3M1;30,ICS3U6;54,ESLEO1;65,ESLCO1;4
486471932,ENG1D1;19,HSP3U1;12,PAF3O9;52,FSF1DG;67,MDM4U1;45,ICS3U6;54,ENG3U1;66,SNC1D1;18
472750790,MHF4U1;62,GLE1O1;43,IDC4U3;62,AVI4M1;65,FSF1D1;34,ICS3U6;54,ESLEO1;65,SNC1D1;18
453595947,ENG1D1;19,ADA4M1;27,PAF3O9;52,FSF1DG;67,FSF1D1;34,CPW4U1;53,,SNC1D1;18
411846204,MHF4U1;62,GLE1O1;43,IDC4U3;62,CIA4U1;20,ENG1DG;4,CPW4U1;53,,SNC1D1;18
434063416,ENG1D1;19,GLE1O1;43,PAF3O9;52,FSF1DG;67,ENG1DG;4,ICS3U6;54,AMR1O1;1,ENG3C1;36
488909420,MHF4U1;62,GLE1O1;43,PAF3O9;52,FSF1DG;67,ADB4M1;28,SCH4U1;21,SPH4U1;0,ENG3C1;36
464000391,ENG1D1;19,GLE1O1;43,PAF3O9;52,FSF1DG;67,ADB4M1;28,AMR4M1;4,AMR1O1;1,HZT4U1;38
438610730,ENG1D1;19,GLE1O1;43,PAF3O9;52,CIA4U1;20,ENG1DG;4,ICS3U6;54,AMR1O1;1,ENG3C1;36
488535061,ENG1D1;19,GLE1O1;43,PAF3O9;52,FSF1DG;67,ENG1DG;4,ICS3U6;54,AMR1O1;1,ENG3C1;36
444353753,CIE3M1;2,ZREMOT;25,TEJ3M1;29,FSF1DG;67,ENG1DG;4,ENG1D1;18,ENG3U1;66,SBI3U1;2
415571606,MHF4U1;62,ZREMOT;25,PAF3O9;52,FSF1DG;67,ENG1DG;4,MDM4U1;35,,ENG3C1;36
414954206,MHF4U1;62,GLE1O1;43,SBI4U1;9,FSF1DG;67,SCH4U1;11,,,ENG3C1;36
444918528,ENG1D1;19,ZREMOT;25,PAF3O9;52,FSF1DG;67,HZT4U1;59,AWD4M1;5,AMR1O1;1,CHY4U1;67
440325249,ENG1D1;19,HSP3U1;12,ADA3M1;27,FSF1DG;67,ENG1DG;4,AWD4M1;5,ENG3U1;66,ENG3C1;36
484417720,BTT1O1;7,GLE1O1;43,PAF3O9;8,CGC1D1;14,ENG1DG;4,AWD4M1;5,AMR1O1;1,ENG1D1;22
413544559,ENG1D1;19,GLE1O1;43,SBI4U1;9,FSF1DG;67,HZT4U1;59,AWD4M1;5,AMR1O1;1,CHY4U1;67
457695820,ENG1D1;19,MBF3C1;32,PAF3O9;8,FSF1DG;67,ENG1DG;4,,,ESLCO1;4
485679417,AVI1O1;34,MTH1WG;33,PAF3O9;8,FSF1DG;67,CGC1DG;19,AWD4M1;5,AMR1O1;1,ENG1DG;12
446453218,ENG1D1;19,GLE1O1;43,PAF3O9;8,FSF1DG;67,ENG1DG;4,AWD4M1;5,ADA2O1;27,SNC2D1;9
472825788,ENG1D1;19,GLE1O1;43,PAF3O9;8,FSF1DG;67,HZT4U1;59,CPW4U1;53,AMR1O1;1,ENG3C1;36
467353691,MHF4U1;62,ENG1D1;44,SBI4U1;9,FSF1DG;67,SCH4U1;11,AWD4M1;5,AMR1O1;1,HZT4U1;38
433166670,SPH4U1;50,ENG1D1;44,PAF3O9;8,FSF1DG;67,SCH4U1;11,AWD4M1;5,AMR1O1;1,TGV4M1;6
484676606,ENG1D1;19,ENG1D2;65,PAF3O9;8,FSF1DG;67,,,,ENG3C1;36
460728091,ENG1D1;19,ENG1D2;65,PAF3O9;8,FSF1DG;67,ENG1DG;4,AWD4M1;5,AMR1O1;1,SNC2D1;9
406604318,MHF4U1;62,ENG1D1;44,PAF3O9;8,FSF1DG;18,FSF4U1;58,CPW4U1;53,SPH4U1;0,ENG3C1;36
426224319,ENG1D1;19,ENG1D2;65,PAF3O9;8,CGC1D1;14,ENG1DG;4,AWD4M1;5,AMR1O1;1,SNC2D1;9
408562103,ENG1D1;19,ADA4M1;27,PAF3O9;8,FSF1DG;18,HZT4U1;59,CPW4U1;53,,ENG3C1;36
422315899,ENG1D1;19,PPL2O9;4,PAF3O9;8,FSF1DG;18,ENG1DG;4,AWD4M1;5,AMR1O1;1,SNC2D1;9
401192216,IDC3OE;43,MBF3C1;32,TEJ3M1;29,ICS3U6;54,ENG1DG;4,MDM4U1;35,ENG3U1;66,ENG3C1;36
418196783,BTT1O1;7,PPL1O8;3,AVI1O1;22,CGC1D1;14,ENG1DG;4,AWD4M1;5,AMR1O1;1,ENG1D1;22
494674908,IDC3OE;43,ENG1D1;23,PAF3O9;8,ICS3U6;54,ENG1DG;4,AWD4M1;5,AMR1O1;1,ICS2OG;53
488183569,PPL1O8;4,ENG1D2;65,PAF3O9;8,BBI2O7;23,IDC3OE;33,AWD4M1;5,AMR1O1;1,SNC2D2;61
463117656,IDC3OE;43,HSP3U1;12,ENG3U1;17,FSF1DG;18,ENG1DG;4,AWD4M1;5,CGG3O1;31,SBI3U1;2
481467544,IDC3OE;43,ZREMOT;25,PAF3O9;8,FSF1DG;18,ENG1DG;4,AWD4M1;5,AMR1O1;1,ENG3C1;36
442092145,IDC3OE;43,MDM4UE;37,PAF3O9;8,FSF1DG;18,SCH4UE;67,AWD4M1;5,AMR1O1;1,ENG3C1;36
440037272,IDC3OE;43,ENG1D2;65,PAF3O9;8,FSF1DG;18,AWJ2O1;25,AWD4M1;5,ADA2O1;27,SNC2D1;9
485141895,,ENG1D2;65,PAF3O9;8,FSF1DG;18,ADB4M1;28,CPW4U1;53,AMR1O1;1,ENG3C1;36
432677794,AMI2O1;26,PPL2O9;4,PAF3O9;8,FSF1DG;18,ENG1DG;4,AWD4M1;5,AMR1O1;1,SNC2D1;9
498809308,IDC3OE;43,ENG1D2;65,AWC3O1;43,FSF1DG;18,AWL3M1;38,AWD4M1;5,ENG3U1;66,HPW3C1;40
452655611,,ENG1D2;65,SBI4U1;9,FSF1DG;18,ENG1DG;4,,CGG3O1;31,CHY4U1;67
484599777,PAF4O9;14,COP3X#;62,ADA3M1;27,FSF1DG;18,AWL3M1;38,AWD4M1;5,AMR1O1;1,ENG3C1;36
462023051,ADA1O1;27,AVI1O1;24,PAF3O9;8,CGC1D1;14,ENG1DG;4,AWD4M1;5,AMR1O1;1,ENG1D1;22
456034719,IDC3OE;43,ENG1D2;65,SNC2P1;59,FSF1DG;18,AWJ2O1;25,AWD4M1;5,ADA2O1;27,ENG3C1;36
457300402,IDC3OE;43,COP3X#;62,TEJ3M1;29,FSF1DG;18,ENG1DG;4,AWD4M1;5,ENG3U1;66,SBI3U1;2
411830332,MHF4U1;62,ENG1D2;65,PAF3O9;8,ICS3U6;54,SPH4U1;57,AWD4M1;5,ENG3U1;66,SBI3U1;2
469560566,IDC3OE;43,COP3X#;62,TEJ3M1;29,ICS3U6;54,TDJ3M1;30,AWD4M1;5,ENG3U1;66,ENG3C1;36
426122032,PPL1O8;4,ENG1D2;65,PAF3O9;8,CGC1D1;14,SNC2D1;46,AWD4M1;5,AMR1O1;1,ENG1D1;22
400652869,IDC3OE;43,ENG1D2;65,SNC2P1;59,FSF1DG;18,ENG1DG;4,AWD4M1;5,AMR1O1;1,ENG3C1;36
433946210,BTT1O1;7,PPL1O8;3,AVI1O1;22,CGC1D1;14,ADA1O1;27,AWD4M1;5,AMR1O1;1,ENG1D1;22
479526592,SPH4U1;50,ZREMOT;25,PAF3O9;8,FSF1DG;18,SCH4U1;11,MDM4U1;35,,ENG3C1;36
416863644,IDC3OE;43,MDM4UE;37,TEJ3M1;29,FSF1DG;18,SPH4U1;57,TDJ4M1;62,ENG3U1;66,SBI3U1;2
405479557,AMI2O1;26,ENG1D2;65,PAF3O9;8,ICS3U6;54,ENG1DG;4,TDJ4M1;62,AMR1O1;6,SNC2D1;9
428197961,MHF4U1;62,ENG1D2;65,SBI4U1;9,FSF1DG;18,SCH4U1;11,MDM4U1;35,,ENG3C1;36
424854103,IDC3OE;43,ENG1D2;65,PAF3O9;8,FSF1DG;18,ENG1DG;4,TDJ4M1;62,AMR1O1;6,FSF1D1;37
489965406,AVI1O1;34,MTH1WG;33,PAF3O9;8,FSF1DG;18,CGC1DG;19,ADA1O1;27,AMR1O1;6,ENG1DG;12
474486032,IDC3OE;43,ENG1D2;65,PAF3O9;8,FSF1DG;18,FSF4U1;58,MDM4U1;35,AMR1O1;6,FSF1D1;37
470849249,AMI2O1;26,PPL2O9;4,SBI3U1;45,FSF1DG;18,ENG1DG;4,TDJ4M1;62,AMR1O1;6,SNC2D1;9
468397915,IDC3OE;43,ENG1D2;65,PAF3O9;8,AVI4M1;65,ADB4M1;28,TDJ4M1;62,AMR1O1;6,FSF1D1;37
444745738,AMI2O1;26,PPL2O9;4,AWC3O1;43,FSF1DG;18,ADB4M1;28,TDJ4M1;62,AMR1O1;6,SNC2D1;9
417195425,AMI2O1;26,MPM2D2;2,AWC3O1;43,BBI2O7;23,IDC3OE;33,TDJ4M1;62,AMR1O1;6,SNC2D2;61
487264338,AMI2O1;26,ENG1D2;65,AWC3O1;43,FSF1DG;18,ADB4M1;28,TDJ4M1;62,AMR1O1;6,FSF1D1;37
454815577,,ENG1D2;65,SBI4U1;9,FSF1DG;18,SCH4U1;11,MDM4U1;35,AMR1O1;6,FSF1D1;37
499449873,IDC3OE;43,MCV4UE;35,IDC4U3;62,FSF1DG;18,AMR1O1;17,MHF4U6;1,ZREMOT;60,MDM4UE;57
421192782,BTT1O1;7,PPL1O8;3,AVI1O1;22,CGC1D1;14,ADB4M1;28,FSF1P1;63,AMR1O1;6,ENG1D1;22
436819275,MHF4U1;62,COP3X#;62,AWC3O1;43,ICS3U6;54,ADB4M1;28,TDJ4M1;62,AMR1O1;6,FSF1D1;37
467618793,BTT1O1;7,SNC1P1;64,AMI1O4;26,AVI1O1;35,AMR1O1;17,TDJ4M1;62,PAI1O1;33,ENG1D1;51
452042673,BTT1O1;7,ENG1D2;65,ENG1D1;65,CGC1D1;14,ADB4M1;28,TDJ4M1;62,AMR1O1;6,FSF1D1;37
433705030,BTT1O1;7,AVI1O1;24,AMI1O4;26,CGC1D1;29,ADB4M1;28,TDJ4M1;62,AMR1O1;6,ENG1D1;51
442283372,IDC3OE;43,HSP3U1;12,SBI4U1;9,FSF1DG;18,AMR1O1;17,TDJ4M1;62,ZREMOT;60,FSF1D1;37
499601555,MHF4U1;62,SCH4U1;42,SBI4U1;9,FSF1DG;18,MDM4U1;45,AMR4M1;4,AMR1O1;6,FSF1D1;37
489941043,AMI2O1;26,MPM2D2;2,AWC3O1;43,FSF1DG;18,ADB4M1;28,TDJ4M1;62,AMR1O1;6,SNC2D1;9
467240347,IDC3OE;43,HSP3U1;12,IDC3O1;41,BBI2O7;23,SBI4UE;23,TDJ4M1;62,AMR1O1;6,FSF1D1;37
437477782,,MDM4UE;37,AWC3O1;43,BBI2O7;23,SPH4U1;57,AWC4M1;66,,FSF1D1;37
431667581,IDC3OE;43,ENG1D2;65,SBI4U1;9,BBI2O7;23,SCH4U1;11,MDM4U1;35,ENG3U1;66,HZT4U1;38
483869678,IDC3OE;43,ENG1D2;65,AWC3O1;43,BBI2O7;23,ADB4M1;28,TDJ4M1;62,AMR1O1;6,SNC2D1;9
493889574,AMI2O1;26,ENG1D2;65,AWC3O1;43,ADB2O1;4,ADB4M1;28,TDJ4M1;62,AMR1O1;6,SNC2D1;9
499303059,ADA1O1;27,AVI1O1;24,ENG1D1;65,CGC1D1;29,ADB4M1;28,FSF1P1;63,AMR1O1;6,FSF1D1;37
455021023,PAF4O9;14,ENG4C1;48,AWC3O1;43,BBI2O7;23,ADB4M1;28,TDJ4M1;62,AMR1O1;6,FSF1D1;37
444871490,AMI2O1;26,ENG1D2;65,AWC3O1;43,BBI2O7;23,ADB4M1;28,TDJ4M1;62,AMR1O1;6,ICS2OG;53
446896263,IDC3OE;43,ENG1D2;65,AWC3O1;43,BBI2O7;23,ADB4M1;28,TDJ4M1;62,AMR1O1;6,SNC2D1;9
450637769,IDC3OE;43,MPM2D2;2,AWC3O1;43,ADB2O1;4,AWJ2O1;25,TDJ4M1;62,AMR1O1;6,SNC2D1;9
464750873,AVI1O1;34,PPL1O8;3,AMR1O1;15,CGC1D1;29,MTH1WG;21,TDJ4M1;62,PAI2O1;18,ENG1DG;12
445476781,AVI1O1;34,BTT1O1;40,ENG1D1;65,CGC1D1;29,ADA1O1;27,TDJ4M1;62,AMR1O1;6,FSF1D1;37
405230787,IDC3OE;43,MTH1W7;15,AMR1O1;15,CGC1D1;29,ADB4M1;28,TDJ4M1;62,SNC1P1;14,ENG1D1;51
469145430,BTT1O1;7,MTH1W7;15,ENG1D1;65,CGC1D1;29,AMR1O1;17,FSF1P1;63,SNC1P1;14,FSF1D1;37
499030835,IDC3OE;43,ENG1D2;65,AWC3O1;43,SNC2D1;60,AWJ2O1;25,TDJ4M1;62,SNC1P1;14,FSF1D1;50
406132821,PPL1O8;4,MTH1WG;33,AMR1O1;15,AVI1O1;35,CGC1DG;19,ADA1O1;27,SNC1P1;14,ENG1DG;12
497157968,PPL1O8;4,ENG1D2;65,AWC3O1;43,BBI2O7;23,AMR1O1;17,TDJ4M1;62,SNC1P1;14,ICS2OG;53
413687105,PPL1O8;4,MBF3C1;32,AWC3O1;43,BBI2O7;23,AMR1O1;17,ENG2P1;20,SNC1P1;14,FSF1D1;50
497472907,PPL1O8;4,ZREMOT;25,AWC3O1;43,BBI2O7;23,SCH4U1;11,TDJ4M1;62,SNC1P1;14,FSF1D1;50
426218165,MHF4U1;62,ZREMOT;25,AWC3O1;43,BBI2O7;23,AMR1O1;17,MDM4U1;35,SNC1P1;14,FSF1D1;50
422166420,PAF4O9;14,ZREMOT;25,SBI4U1;9,BBI2O7;23,SCH4U1;11,MDM4U1;35,SNC1P1;14,FSF1D1;50
484822249,MHF4U1;62,HSP3U1;12,AWC3O1;43,ICS3U6;54,ADB4M1;28,TDJ4M1;62,ENG3U1;66,SBI3U1;2
404614241,PPL1O8;4,HSP3U1;12,AWC3O1;43,BBI2O7;23,ADB4M1;28,FSF1P1;63,ENG3U1;66,SBI3U1;2
495313737,MHF4U1;62,COP3X#;62,AWC3O1;43,CIA4U1;20,ADB4M1;28,,SNC1P1;14,FSF1D1;50
457131874,BTT1O1;7,MTH1WG;33,AMR1O1;15,BBI2O7;23,CGC1DG;19,FSF1P1;63,SNC1P1;14,ENG1DG;12
468790485,PPL1O8;4,SNC1P1;64,AMR1O1;15,CGC1D1;29,ADB4M1;28,FSF1P1;63,PAI1O1;33,ENG1D1;51
450083351,AMI2O1;26,ZREMOT;25,AWC3O1;43,SNC2D1;60,ADB4M1;28,FSF1P1;63,SNC1P1;14,FSF1D1;50
454875296,PPL1O8;4,ZREMOT;25,AWC3O1;43,BBI2O7;23,HZT4U1;59,CPW4U1;53,SNC1P1;14,CHY4U1;67
482215535,PPL1O8;4,MCV4UE;35,SBI4U1;9,BBI2O7;23,SPH4U1;57,MHF4U6;1,ENG3U1;66,SBI3U1;2
475402147,SNC2D1;36,ZREMOT;25,AWC3O1;43,PAF2O9;57,ADB4M1;28,FSF1P1;63,SNC1P1;14,FSF1D1;50
495683064,BTT1O1;7,MTH1WG;33,AMR1O1;15,BBI2O7;23,CGC1DG;19,FSF1P1;63,PAI1O1;33,ENG1DG;12
493049634,CIE3M1;2,ZREMOT;25,ENG1D1;65,ICS3U6;54,ADB4M1;28,FSF1P1;63,SNC1P1;14,FSF1D1;50
434752509,MHF4U1;62,ZREMOT;25,SBI4U1;9,BBI2O7;23,ADB4M1;28,,SNC1P1;14,FSF1D1;50
469425650,PPL1O8;4,SNC1P1;64,SBI3U1;45,BBI2O7;23,TDJ3M1;30,FSF1P1;63,TEJ3M1;30,HPW3C1;40
451444059,SNC2D1;36,HSP3U1;12,IDC3O1;41,BBI2O7;23,ADB4M1;28,FSF1P1;63,ENG3U1;66,HPW3C1;40
446099432,,MDM4UE;37,AMR1O1;15,SPH4UE;31,TEJ4M1;6,FSF1P1;63,SNC1P1;14,COP3X9;10
475264177,AMR2O1;11,ZREMOT;25,AMR1O1;15,BBI2O7;23,CIA4UE;12,FSF1P1;59,SNC1P1;14,SNC2D1;32
412344800,,ZREMOT;25,SBI4U1;9,BBI2O7;23,SCH4U1;11,,SNC1P1;14,COP3X9;10
427644220,PPL1O8;4,ZREMOT;25,SBI4U1;9,BBI2O7;23,CIA4UE;12,FSF1P1;59,SNC1P1;14,TGV4M1;6
448749423,ADA1O1;27,PPL1O8;3,AMR1O1;15,CGC1D1;29,CIA4UE;12,FSF1P1;59,SNC1P1;14,ENG1D1;51
428732382,PPL1O8;4,AWD3M1;63,ENG3U1;17,HSP3U1;42,TDJ3M1;30,FSF1P1;59,PAI2O1;18,SBI3U1;2
476769422,PPL1O8;4,HSP3U1;12,DCO3OC;57,AVI3M1;55,CIA4UE;12,FSF1P1;59,ENG3U1;16,HPW3C1;40
407855472,,,,BBI2O7;23,HZT4U1;59,AWC4M1;66,,FSF1D1;50
422739138,AMR2O1;11,SNC1P1;64,AMR1O1;15,ADB2O1;4,CIA4UE;12,FSF1P1;59,ADA2O1;27,SNC2D1;32
446402085,MHF4U1;62,SNC1P1;64,SBI4U1;9,BBI2O7;23,SCH4U1;11,FSF1P1;59,PAI2O1;18,FSF1D1;50
469317752,AMI2O1;26,SNC1P1;64,AMR1O1;15,BBI2O7;68,CIA4UE;12,FSF1P1;59,PAI2O1;18,SNC2D1;32
499271133,SPH4U1;50,SNC1P1;64,AMR1O1;15,BBI2O7;68,SCH4U1;11,,PAI2O1;18,FSF1D1;50
417965151,PPL1O8;4,SNC1P1;64,ENG3U1;17,ICS3U6;54,CIA4UE;12,FSF1P1;59,PAI2O1;18,FSF1D1;50
418633192,PPL1O8;4,SNC1P1;64,AMR1O1;15,BBI2O7;68,CIA4UE;12,FSF1P1;59,PAI2O1;18,FSF1D1;50
499449239,PPL1O8;4,SNC1P1;64,ENG3U1;17,BBI2O7;68,CIA4UE;12,FSF1P1;59,AMR3M1;64,AMI3M1;26
440883244,BTT1O1;7,AVI1O1;24,AMR1O1;15,CGC1D1;29,CIA4UE;12,FSF1P1;59,PAI2O1;18,ENG1D1;51
423818440,MHF4U1;62,SNC1P1;64,AMR1O1;15,BBI2O7;68,PPL4O9;0,FSF1P1;59,PAI2O1;18,TGV4M1;6
457701036,PPL1O8;4,COP3X#;62,ENG3U1;17,BBI2O7;68,SCH4U1;11,FSF1P1;59,PAI2O1;18,SBI3U1;2
461511559,AMR2O1;11,SNC1P1;64,AMR1O1;15,BBI2O7;68,CIA4UE;12,FSF1P1;59,PAI2O1;18,ICS2OG;53
427520742,PPL1O8;4,ZREMOT;25,AMR1O1;15,PAF2O9;57,CIA4UE;12,FSF1P1;59,PAI2O1;18,SNC2D1;32
449670091,MHF4U1;62,ZREMOT;25,AMR1O1;15,BBI2O7;68,SCH4U1;11,MDM4U1;35,SPH4U1;0,FSF1D1;50
460948979,PPL1O8;4,ZREMOT;25,AMR1O1;15,BBI2O7;68,CIA4UE;12,SCH4U1;21,PAI2O1;18,FSF1D1;50
455175787,PPL1O8;4,MPM2D2;2,ENG3U1;17,AVI3M1;55,TDJ3M1;30,FSF1P1;59,ZREMOT;60,FSF1D1;50
438325749,PPL1O8;4,MPM2D2;2,MHF4U1;56,BBI2O7;68,CIA4UE;12,FSF1P1;59,PAI2O1;18,TGV4M1;6
432931246,PPL1O8;4,MPM2D2;2,AMI1O4;26,BBI2O7;68,CIA4UE;12,FSF1P1;59,PAI1O1;33,FSF1D1;50
459325484,PPL1O8;4,COP3X#;62,MHF4U1;56,BBI2O7;68,CIA4UE;12,FSF1P1;59,CGG3O1;31,FSF1D1;50
455468824,AMI2O1;26,HSP3U1;12,AMR1O1;15,ICS3U6;54,CIA4UE;12,FSF1P1;59,PAI2O1;18,FSF1D1;50
441936656,PPL1O8;4,MPM2D2;2,DCO3OC;57,ICS3U6;54,IDC3OE;33,FSF1P1;59,ENG3U1;16,FSF1D1;50
470710887,PPL1O8;4,MPM2D2;2,AMR1O1;15,BBI2O7;68,CIA4UE;12,FSF1P1;40,PAI1O1;33,FSF1D1;50
454091891,PPL1O8;4,MPM2D2;2,AMR1O1;15,ADB2O1;4,CIA4UE;12,FSF1P1;40,ADA2O1;27,SNC2D1;32
457772363,PAF4O9;14,PPL1O8;3,AMR1O1;15,CGC1D1;29,CIA4UE;12,FSF1P1;40,PAI2O1;18,FSF1D1;50
487463076,PAF4O9;14,PPL1O8;3,IDC3O1;41,BBI2O7;68,CIA4UE;12,FSF1P1;40,ENG3U1;16,SBI3U1;2
486817627,PAF4O9;14,PPL1O8;3,AMR1O1;15,BBI2O7;68,CIA4UE;12,FSF1P1;40,ENG3U1;16,SBI3U1;2
445366092,PAF4O9;14,PPL1O8;3,ZREMOT;6,CIA4U1;20,CIA4UE;12,MDM4U1;35,PAI2O1;18,FSF1D1;50
465442787,PAF4O9;14,PPL1O8;3,DCO3OC;57,AVI3M1;55,CIA4UE;12,FSF1P1;40,PAI2O1;18,AMI3M1;26
480279152,PAF4O9;14,HSP3U1;12,AMR1O1;15,AVI3M1;55,CIA4UE;12,FSF1P1;40,ENG3U1;16,SBI3U1;2
439699413,,PPL1O8;3,ADA3M1;27,AVI4M1;65,CIA4UE;12,FSF1P1;40,PAI2O1;18,FSF1D1;50
460171136,PAF4O9;14,PPL1O8;0,AMI1O4;26,BBI2O7;68,SNC2P1;35,FSF1P1;40,ADA2O1;27,FSF1D1;50
458116593,PAF4O9;14,PPL1O8;0,SBI4U1;9,BBI2O7;68,CIA4UE;12,FSF1P1;40,ENG3U1;16,FSF1D1;50
484728146,PAF4O9;14,PPL1O8;0,ADA3M1;27,BBI2O7;68,CIA4UE;12,MDM4U1;35,PAI2O1;18,FSF1D1;50
448887645,PAF4O9;14,PPL1O8;0,ADA3M1;27,BBI2O7;68,CIA4UE;12,FSF1P1;40,PAI2O1;18,FSF1D2;42
494786774,SPH4U1;50,PPL1O8;0,ADA3M1;27,BBI2O7;68,CIA4UE;12,AMR4M1;4,PAI2O1;18,HZT4U1;38
477301069,PAF4O9;14,ADA4M1;27,ADA3M1;27,BBI2O7;68,HZT4U1;59,MDM4U1;35,PAI2O1;18,FSF1D2;42
492022562,AVI1O1;34,MPM2D2;2,ADA3M1;27,BBI2O7;68,TEJ4M1;6,FSF1P1;40,PAI2O1;18,PPL1O8;0
467609931,PAF4O9;14,HSP3U1;12,ADA3M1;27,BBI2O7;68,TEJ4M1;6,FSF1P1;40,PAI2O1;18,SBI3U1;2
496455791,BTT1O1;7,MTH1WG;33,ADA3M1;27,BBI2O7;68,CGC1DG;19,FSF1P1;40,PAI1O1;33,ENG1DG;12
492510112,AVI1O1;34,PPL1O8;0,ADA3M1;27,CGC1D1;29,FSF1P1;66,ENG2P1;20,PAI1O1;33,FSF1D2;42
440940569,ADA1O1;27,MTH1WG;33,ADA3M1;27,PPL1O8;0,CGC1DG;19,FSF1P1;40,PAI2O1;18,ENG1DG;12
457458275,AVI1O1;34,PPL1O8;0,ADA3M1;27,CGC1D1;29,FSF1P1;66,ENG2P1;20,PAI1O1;33,FSF1D2;42
422875923,,,ZREMOT;6,BBI2O7;68,TEJ4M1;6,FSF1P1;40,,FSF1D2;42
465990225,PAF4O9;14,PPL1O8;0,ADA3M1;27,BBI2O7;68,TEJ4M1;6,FSF1P1;40,PPL2O8;3,SNC2D1;32
481360761,PAF4O9;14,PPL1O8;0,ADA3M1;27,BBI2O7;68,AWJ2O1;25,FSF1P1;40,ZREMOT;60,SNC2D1;32
427347227,PAF4O9;14,PPL1O8;0,ADA3M1;27,BBI2O7;68,TEJ4M1;6,ENG2P1;20,ADA2O1;27,SNC2D1;32
434412069,ADA1O1;27,PPL1O8;0,BTT1O1;36,CGC1D1;29,FSF1P1;66,ENG2P1;20,ZREMOT;60,FSF1D2;42
416991888,PAF4O9;14,PPL1O8;0,ADA3M1;27,ICS3U6;54,TEJ4M1;6,ENG2P1;20,ADA2O1;27,SNC2D1;32
426243877,PAF4O9;14,MDM4UE;37,ADA3M1;27,ICS3U6;54,HZT4U1;59,ENG2P1;20,ZREMOT;60,FSF1D2;42
483469126,BTT1O1;7,MTH1WG;33,ADA3M1;27,ICS3U6;54,CGC1DG;19,ENG2P1;20,ZREMOT;60,ENG1DG;12
493592369,PAF4O9;14,COP3X#;62,ADA3M1;27,ICS3U6;54,TEJ4M1;6,ENG2P1;20,CGG3O1;31,FSF1D2;42
497576692,AVI1O1;34,PPL1O8;0,BTT1O1;36,CGC1D1;29,ADA1O1;27,ENG2P1;20,ZREMOT;60,FSF1D2;42
446361299,AVI1O1;34,PPL1O8;0,ADA3M1;27,CGC1D1;29,TEJ4M1;6,ENG2P1;20,ZREMOT;60,BTT1O1;43
499551283,SPH4U1;50,MCV4UE;35,SBI4U1;9,ICS3U6;54,SCH4U1;11,MHF4U6;1,,FSF1D2;42
469205669,AMR2O1;11,PPL1O8;0,ADA3M1;27,ICS3U6;54,TEJ4M1;6,ENG2P1;20,ZREMOT;60,ICS2OG;53
431110714,PAF4O9;14,PPL1O8;0,MHF4U1;56,ICS3U6;54,TEJ4M1;6,MDM4U1;35,AMR3M1;64,FSF1D2;42
423886747,PAF4O9;14,PPL1O8;0,MHF4U1;10,ICS3U6;54,TEJ4M1;6,MDM4U1;35,AMR3M1;64,FSF1D2;42
457442513,PAF4O9;14,PPL1O8;0,ADA3M1;27,ICS3U6;54,IDC3OE;33,ENG2P1;20,PAF2O9;41,SNC2D1;32
468196781,PAF4O9;14,MPM2D2;2,ADA3M1;27,ICS3U6;54,TEJ4M1;6,MDM4U1;35,AMR3M1;64,CHY4U1;67
431879800,BTT1O1;7,MTH1WG;33,AMI1O4;26,ADA1O1;27,CGC1DG;19,ENG2P1;20,AMR3M1;64,ENG1DG;12
495908862,ADA1O1;27,MTH1WG;33,ADA3M1;27,AVI1O1;35,CGC1DG;19,ENG2P1;20,AMR3M1;64,BTT1O1;43
426904186,PAF4O9;14,MPM2D2;2,ADA3M1;27,ICS3U6;54,SCH4U1;11,MHF4U1;61,AMR3M1;64,FSF1D2;42
447559848,,MPM2D2;2,AMI1O4;26,ICS3U6;54,HZT4U1;59,ENG2P1;20,AMR3M1;64,FSF1D2;42
419672619,PAF4O9;14,PPL2O9;4,AMI1O4;26,ICS3U6;54,TEJ4M1;6,ENG2P1;20,AMR3M1;64,SNC2D1;32
486988837,,,ZREMOT;6,ICS3U6;54,TEJ4M1;6,CPW4U1;53,AMR3M1;64,FSF1D2;42
450453560,PAF4O9;14,MPM2D2;2,TEJ3M1;29,AVI3M1;55,TDJ3M1;30,ENG2P1;20,ENG3U1;16,SBI3U1;2
490559057,HSP3U1;24,COP3X#;62,AMI1O4;26,ICS3U6;54,TEJ4M1;6,ENG2P1;20,AMR3M1;64,FSF1D2;42
466712423,AMR2O1;11,COP3X#;62,AMI1O4;26,CIA4U1;20,SCH4U1;11,MHF4U1;61,ENG3U1;16,HSP3U1;25
451078660,HSP3U1;24,MPM2D2;2,ZREMOT;6,CIA4U1;20,TEJ4M1;6,ENG2P1;20,AMR3M1;64,FSF1D2;42
474204820,HSP3U1;24,COP3X#;62,AMI1O4;26,CIA4U1;20,TEJ4M1;6,MDM4U1;35,AMR3M1;64,FSF1D2;42
466859815,HSP3U1;24,MPM2D2;2,AMI1O4;26,CIA4U1;20,TDJ3M1;30,ENG2P1;20,ENG3U1;16,SBI3U1;2
465978701,HSP3U1;24,MPM2D2;2,AMI1O4;26,CIA4U1;20,TEJ4M1;6,AMR3M1;30,ENG3U1;16,SBI3U1;2
417431887,,MPM2D2;2,ZREMOT;6,CIA4U1;20,SCH4U1;11,MHF4U1;61,AMR3M1;64,FSF1D2;42
418875931,HSP3U1;24,MPM2D2;2,AMI1O4;26,CIA4U1;20,TEJ4M1;6,SBI3U1;52,ADA2O1;27,SNC2D2;61
434532402,HSP3U1;24,MPM2D2;2,AMI1O4;26,CIA4U1;20,TEJ4M1;6,SBI3U1;52,AMR3M1;64,SNC2D1;32
489744950,HSP3U1;24,MPM2D2;2,AMI1O4;26,CIA4U1;20,TEJ4M1;6,AMR3M1;30,PPL2O8;3,SNC2D1;32
462580368,ADA1O1;27,MPM2D2;2,AMI1O4;26,CIA4U1;20,FSF1P1;66,MDM4U1;35,AMR3M1;64,BTT1O1;43
416477038,MHF4U1;67,MCV4UE;35,TEJ3M1;29,SPH4UE;31,IDC3OE;33,MHF4U6;1,ENG3U1;16,SBI3U1;2
483394108,,,AMI1O4;26,ESLDO1;45,IDC3OE;33,MDM4U1;35,AMR3M1;64,FSF1D2;42
415069107,MHF4U1;67,MPM2D2;2,AMI1O4;26,CGC1D1;29,IDC3OE;33,AMR3M1;30,ADA2O1;27,SNC2D1;32
411016652,BTT1O1;7,MPM2D2;2,AVI1O1;49,CGC1D1;29,IDC3OE;33,MDM4U1;35,AMR3M1;64,PPL1O8;0
447668823,MHF4U1;67,MTH1WG;33,AMI1O4;26,CIA4U1;20,CGC1DG;19,MDM4U1;35,AMR3M1;64,ENG1DG;12
463784638,BTT1O1;7,MTH1W7;15,AMI1O4;26,ADB2O1;4,IDC3OE;33,AMR3M1;30,PAI1O1;33,FSF1D2;42
429008147,BTT1O1;7,MPM2D2;2,AVI1O1;49,CGC1D1;29,FSF1P1;66,MDM4U1;35,AMR3M1;64,FSF1D2;42
400913252,,MBF3C1;32,AMI1O4;26,CIA4U1;20,AWL3M1;38,,AMR3M1;64,FSF1D2;42
402376887,MHF4U1;67,MPM2D2;2,IDC4U3;62,CIA4U1;20,SCH4U1;11,MDM4U1;35,AMR3M1;64,FSF1D2;42
492623552,AMR2O1;11,MPM2D2;2,AMI1O4;26,CIA4U1;20,AWJ2O1;25,MDM4U1;35,AMR3M1;64,SNC2D1;32
490488707,,MPM2D2;2,SBI4U1;9,CIA4U1;20,SCH4U1;11,MHF4U1;61,AMR3M1;64,CHY4U1;67
438026377,AVI1O1;34,MDM4UE;37,AMI1O4;26,CGC1D1;29,ADA1O1;27,MDM4U1;35,AMR3M1;64,BTT1O1;43
451970838,AVI1O1;34,MTH1W7;15,AMI1O4;26,CIA4U1;20,CGC1DG;19,MDM4U1;35,AMR3M1;64,BTT1O1;43
479477455,AMR2O1;11,MDM4UE;37,AMI1O4;26,CIA4U1;20,TDJ3M1;30,MHF4U1;61,AMR3M1;64,FSF1D2;42
418050574,BTT1O1;7,MTH1WG;33,AMI1O4;26,ADA1O1;27,CGC1DG;19,MDM4U1;35,AMR3M1;64,ENG1DG;12
400873096,ADA1O1;27,MDM4UE;37,IDC3O1;41,CGC1D1;29,IDC3OE;33,SCH4U1;21,AMR3M1;64,BTT1O1;43
465164528,,MDM4UE;37,SBI4U1;32,CIA4U1;20,SCH4UE;67,MHF4U1;29,AMR3M1;64,FSF1D2;42
469368414,MHF4U1;67,ADA4M1;27,IDC3O1;41,CIA4U1;20,TDJ3M1;30,AMR3M1;30,ADA2O1;27,FSF1D2;42
493090156,AMR2O1;11,MDM4UE;37,IDC3O1;41,AVI3M1;55,AWL3M1;38,MHF4U1;29,ADA2O1;27,ENG1DG;12
453337346,ADA1O1;27,MDM4UE;37,IDC3O1;41,CGC1D1;29,IDC3OE;33,AMR3M1;30,ADA2O1;27,PPL1O8;0
421766370,AMR2O1;11,MDM4UE;37,SBI4U1;32,CIA4U1;20,FSF4U1;58,MHF4U1;29,ADA2O1;27,ENG1DG;12
456184164,MHF4U1;67,MCF3M1;45,IDC3O1;41,CIA4U1;20,HZT4U1;59,AMR3M1;30,ADA2O1;27,ENG1DG;12
416766165,MHF4U1;67,MDM4UE;37,DCO3OC;57,CIA4U1;20,IDC3OE;33,AMR3M1;30,ENG3U1;16,SBI3U1;2
467051571,,,IDC3O1;41,ZREMOT;59,IDC3OE;33,AMR3M1;30,ADA2O1;27,ENG1DG;12
478506508,ADA1O1;27,MDM4UE;37,IDC3O1;41,CGC1D1;29,IDC3OE;33,AMR3M1;30,PAI1O1;33,ENG1DG;12
480804419,AMR2O1;11,HSP3U1;12,IDC3O1;41,ZREMOT;59,IDC3OE;33,MHF4U1;29,ENG3U1;16,ENG1DG;12
435389892,MHF4U1;67,MCF3M1;45,DCO3OC;57,AVI3M1;55,IDC3OE;33,AMR3M1;30,ENG3U1;16,CHY4U1;67
455217210,AVI1O1;34,MTH1W7;15,IDC3O1;41,CGC1D1;29,IDC3OE;33,AMR3M1;30,ADA2O1;27,PPL1O8;0
419390127,BTT1O1;7,MTH1WG;33,IDC3O1;41,ZREMOT;59,CGC1DG;19,AMR3M1;30,PAI1O1;33,ENG1DG;12
491436607,BTT1O1;7,MTH1W7;15,IDC3O1;41,CGC1D1;29,IDC3OE;33,AMR3M1;30,ADA2O1;27,ENG1DG;12
453907601,,MDM4UE;37,IDC3O1;41,ZREMOT;59,FSF4U1;58,CPW4U1;53,ADA2O1;27,CHY4U1;67
471968654,MHF4U1;67,MDM4UE;37,IDC3O1;41,ZREMOT;59,SCH4U1;11,AMR3M1;30,ENG3U1;16,SBI3U1;2
479373931,MHF4U1;67,MDM4UE;37,IDC3O1;41,AVI4M1;65,IDC3OE;33,AMR3M1;30,ADA2O1;27,SNC2D1;32
410158217,MHF4U1;67,MDM4UE;37,IDC3O1;41,AVI4M1;65,IDC3OE;33,AMR3M1;30,ADA2O1;27,ICS2OG;53
489992783,MHF4U1;67,COP3X#;62,IDC3O1;41,SPH4UE;31,IDC3OE;33,AMR3M1;30,TEJ3M1;30,ENG1DG;12
436951661,AMR2O1;11,MDM4UE;37,IDC3O1;41,ADB2O1;4,IDC3OE;33,SCH4U1;21,ADA2O1;27,SNC2D1;32
464635407,AMR2O1;11,MDM4UE;37,DCO3OC;57,ADB2O1;4,IDC3OE;33,SCH4U1;21,ENG3U1;16,ENG1DG;12
419291840,,,IDC3O1;41,,IDC3OE;33,,,ENG1DG;12
482301090,AMR2O1;11,MDM4UE;37,IDC3O1;41,PAF2O9;57,IDC3OE;33,SCH4U1;21,ADA2O1;27,SNC2D1;32
403478720,,MDM4UE;37,IDC4U3;62,AVI4M1;65,PPL4O9;0,SCH4U1;21,MDM4U1;2,ENG1DG;12
405302241,ADA1O1;27,MDM4UE;37,IDC3O1;41,CGC1D1;29,IDC3OE;33,SCH4U1;21,MDM4U1;2,ENG1DG;12
453992939,,,IDC3O1;41,AVI4M1;65,IDC3OE;33,,MDM4U1;2,ENG1DG;12
455600972,AMR2O1;11,COP3X#;62,IDC3O1;41,HSP3U1;42,AWL3M1;38,SCH4U1;7,ENG3U1;16,SBI3U1;2
400440107,,MDM4UE;37,ZREMOT;6,AVI4M1;65,HZT4U1;59,SCH4U1;7,MDM4U1;2,TGV4M1;6
467231771,BTT1O1;7,MDM4UE;37,ZREMOT;6,AVI4M1;65,FSF1P1;66,SCH4U1;7,MDM4U1;2,PPL1O8;0
463309219,AMR2O1;11,MDM4UE;37,ZREMOT;6,AVI3M1;55,SBI4UE;23,SCH4U1;7,MDM4U1;2,ENG1DG;12
462778199,AMR2O1;11,MDM4UE;37,ZREMOT;6,AVI4M1;65,AWL3M1;38,SCH4U1;7,MDM4U1;2,ICS2OG;53
443090962,SPH4U1;50,MDM4UE;37,SBI3U1;45,AVI4M1;65,MDM4U1;45,MHF4U1;29,CGG3O1;31,ENG1DG;12
418278192,AMR2O1;11,COP3X#;62,SBI3U1;45,AVI4M1;65,AWL3M1;38,SCH4U1;7,ENG3U1;16,ENG1DG;21
480974465,AVI1O1;34,MDM4UE;37,SBI3U1;45,CGC1D1;29,AWL3M1;38,SCH4U1;7,MDM4U1;2,PPL1O8;0
469122580,,,,AVI4M1;65,FSF4U1;58,MHF4U1;15,,ENG1DG;21
425900970,,,SBI3U1;45,AVI4M1;65,AWL3M1;38,,MDM4U1;2,ENG1DG;21
491457707,AMR2O1;11,AWD3M1;63,SBI3U1;45,AVI4M1;65,MDM4U1;45,TDJ3M1;11,CGG3O1;31,ENG1DG;21
429328512,AMR2O1;11,MDM4UE;37,SBI4U1;32,AVI4M1;65,SCH4U1;31,MHF4U1;15,ENG3U1;16,ENG1DG;21
417840353,AMR2O1;11,HSP3U1;12,MTH1WG;51,AVI4M1;65,TDJ3M1;30,SCH4U1;7,ENG3U1;16,SBI3U1;39
481844725,AMR2O1;11,MCV4UE;35,SBI3U1;1,AVI4M1;65,AWL3M1;38,SCH4U1;7,CGG3O1;31,SNC2D1;32
412519628,AMR2O1;11,HSP3U1;12,SBI3U1;1,AVI4M1;65,AWL3M1;38,SCH4U1;7,ENG3U1;16,HPW3C1;40
465009035,,MCV4UE;35,SBI3U1;1,AVI4M1;65,AWL3M1;38,MHF4U1;15,CGG3O1;31,TGV4M1;6
417395903,,MCV4UE;35,SBI4U1;32,AVI4M1;65,SCH4U1;31,MHF4U1;15,CGG3O1;31,ENG1DG;21
416827231,AVI1O1;34,MCV4UE;35,CGC1D2;28,AVI4M1;65,AWL3M1;38,SCH4U1;7,CGG3O1;31,ENG1DG;21
462653952,,MCV4UE;35,SBI4U1;32,AVI4M1;65,SCH4U1;31,AWC4M1;66,CGG3O1;31,ENG1DG;21
463439657,AMR2O1;11,MCV4UE;35,SBI3U1;1,AVI4M1;65,AWL3M1;38,SCH4U1;7,PPL2O8;3,SNC2D1;32
421071601,AMR2O1;11,MCV4UE;35,SBI4U1;32,AVI4M1;65,AWL3M1;38,MHF4U6;1,CGG3O1;31,ENG1DG;21
405380403,AMR2O1;11,MCV4UE;35,SBI3U1;1,AVI4M1;65,SPH4U1;57,MHF4U6;1,ENG3U1;16,AMI3M1;26
428413723,AMR2O1;11,MCV4UE;35,SBI3U1;1,AVI4M1;65,AWL3M1;38,MHF4U6;1,CGG3O1;31,ENG1DG;21
430642821,SPH4U1;50,MCV4UE;35,SBI4U1;32,PPL1O8;0,MDM4U1;45,MHF4U1;15,,ENG1DG;21
427044688,BTT1O1;7,MTH1W7;15,MTH1WG;51,CGC1D1;29,FSF1P1;66,MHF4U6;1,CGG3O1;31,ENG1DG;21
464332832,,MCV4UE;35,MTH1WG;51,PPL1O8;0,AWL3M1;38,,,ENG1DG;21
450403043,SPH4U1;50,MCV4UE;35,SBI4U1;32,PPL1O8;0,PPL4O9;0,MHF4U6;1,CGG3O1;31,ENG1DG;21
425534801,AMR2O1;11,MCV4UE;35,MTH1WG;51,PPL1O8;0,MDM4U1;45,MHF4U6;1,CGG3O1;31,ENG1DG;21
413315339,,MCV4UE;35,SBI4U1;32,PPL1O8;0,PPL4O9;0,MHF4U6;1,CGG3O1;31,ENG1DG;21
404846514,AMR2O1;44,MCV4UE;35,MTH1WG;51,PPL1O8;0,AWL3M1;38,MHF4U6;1,PPL2O8;3,ADA2O1;27
419879291,AMR2O1;44,MCV4UE;35,MTH1WG;51,ADB2O1;4,AWL3M1;38,MHF4U6;1,CGG3O1;31,SNC2D1;32
473614074,BTT1O1;28,MTH1WG;33,DCO3OC;57,PPL1O8;0,CGC1DG;19,MHF4U6;1,PAI1O1;33,ENG1DG;21
435980164,SPH4U1;50,MCV4UE;35,SBI4U1;32,PPL1O8;0,FSF4U1;58,MHF4U6;1,CGG3O1;31,MDM4U1;60
400030580,AMR2O1;44,MCV4UE;35,MTH1WG;51,PPL1O8;0,SCH4U1;31,MHF4U6;1,CGG3O1;31,ENG1DG;21
488140796,AMR2O1;44,MCV4UE;35,IDC4U3;62,PPL1O8;0,MDM4U1;45,MHF4U6;1,CGG3O1;31,TGV4M1;6
453833235,AMR2O1;44,HSP3U1;12,DCO3OC;57,PPL1O8;0,AWL3M1;38,MHF4U6;1,ENG3U1;16,HPW3C1;40
461630539,SPH4U1;50,MCV4UE;35,MTH1WG;51,PPL4O9;3,SCH4U1;31,MHF4U6;1,CGG3O1;31,ENG1DG;21
495283585,BTT1O1;28,MTH1W7;15,MTH1WG;51,PPL1O8;0,CGC1DG;19,MHF4U6;1,CGG3O1;31,ENG1DG;21
447418793,AMR2O1;44,MCV4UE;35,MTH1WG;51,PPL1O8;0,AWL3M1;38,MHF4U6;1,ENG3U1;16,SBI3U1;39
444448512,ADA1O1;27,MCV4UE;35,MTH1WG;51,CGC1D1;29,AWL3M1;38,MHF4U6;1,CGG3O1;31,PPL1O8;0
475065402,AMR2O1;44,MCV4UE;35,DCO3OC;57,PPL1O8;0,AWL3M1;38,MHF4U6;1,ENG3U1;16,MDM4UE;57
431582172,AMI2O1;26,MCV4UE;35,MTH1WG;51,PPL1O8;0,AWL3M1;38,MHF4U6;1,CGG3O1;31,AMI3M1;26
413965246,AMR2O1;44,MCV4UE;35,MTH1WG;51,PAF2O9;57,AWL3M1;38,MHF4U6;1,CGG3O1;31,SNC2D1;32
420769862,AVI1O1;34,MTH1WG;33,DCO3OC;57,CGC1D1;29,FSF1P1;66,MHF4U6;1,PAI1O1;33,ENG1DG;21
402043162,AMR2O1;44,AWD3M1;63,MTH1WG;51,PPL1O8;0,AWL3M1;38,MHF4U6;1,CGG3O1;31,ENG1DG;21
448125477,,COP3X#;62,MTH1WG;51,PPL1O8;0,AWL3M1;38,MHF4U6;1,CGG3O1;31,ENG1DG;21
494125656,SPH4U1;50,MTH1WG;33,DCO3OC;57,PPL1O8;0,PPL4O9;0,MHF4U6;1,MTH1W7;37,ENG1DG;21
407988517,AMR2O1;44,HSP3U1;12,MTH1WG;51,PPL1O8;0,AWL3M1;38,MHF4U6;1,ENG3U1;16,MDM4UE;57
413457680,AMR2O1;44,MTH1WG;33,DCO3OC;57,PPL1O8;0,AWL3M1;38,MHF4U6;46,PPL2O8;3,SNC2D1;32
480060956,ADA1O1;27,MTH1WG;33,DCO3OC;57,CGC1D1;47,FSF1P1;66,MHF4U6;46,MTH1W7;37,PPL1O8;0
442408761,BTT1O1;28,MTH1WG;33,DCO3OC;57,CGC1D1;47,FSF1P1;66,MHF4U6;46,MTH1W7;37,ENG1DG;21
405637793,ADA1O1;27,MTH1WG;33,DCO3OC;57,CGC1D1;47,FSF1P1;66,MHF4U6;46,PAI1O1;33,ENG1DG;21
432108343,SPH4U1;50,ADA4M1;27,SBI4U1;32,PPL1O8;0,PPL4O9;0,MHF4U6;46,MTH1W7;37,ENG1DG;21
469458745,ADA1O1;27,MTH1WG;33,DCO3OC;57,PPL1O8;0,FSF1P1;66,MHF4U6;46,PAI1O1;33,ENG1DG;21
426912563,AMR2O1;44,MTH1WG;33,DCO3OC;57,ESLDO1;45,FSF1P1;66,MHF4U6;46,ENG3U1;55,AMI3M1;26
416746810,AMR2O1;44,MTH1WG;33,SBI4U1;32,SPH4UE;31,SCH4U1;31,MHF4U6;46,MTH1W7;37,MDM4UE;57
446144417,AMR2O1;44,HSP3U1;12,DCO3OC;57,AVI3M1;55,HZT4U1;59,MHF4U6;46,ENG3U1;55,ENG1DG;21
463268078,AMR2O1;44,COP3X#;62,DCO3OC;57,ESLDO1;45,HZT4U1;59,MHF4U6;46,ENG3U1;55,HSP3U1;25
401938892,AMR2O1;44,MTH1WG;33,TEJ3M1;29,DCO3OC;15,HZT4U1;59,MHF4U6;46,ENG3U1;55,ESLCO1;4
434375759,AMR2O1;44,MTH1WG;33,DCO3OC;57,ESLDO1;45,FSF4U1;58,AWC4M1;66,MTH1W7;37,ESLCO1;4
444299033,,MTH1WG;33,DCO3OC;57,ESLDO1;45,PPL4O9;0,MHF4U6;46,MTH1W7;37,ESLCO1;4
480680698,BTT1O1;28,MTH1WG;33,DCO3OC;57,CGC1D1;47,HZT4U1;59,MHF4U6;46,PAI1O1;33,ESLCO1;4
450226281,AMR2O1;44,COP3X#;62,DCO3OC;57,ESLDO1;45,HZT4U1;59,MHF4U6;46,MTH1W7;37,ESLCO1;4
460975209,AMR2O1;44,MTH1WG;33,DCO3OC;57,AVI3M1;55,HZT4U1;59,MHF4U6;46,ENG3U1;55,HPW3C1;40
427188370,,ENG4C1;48,TEJ3M1;29,DCO3OC;15,PPL4O9;0,MHF4U6;46,MTH1W7;37,ESLCO1;4
494142592,,COP3X#;62,,DCO3OC;15,HZT4U1;59,,MTH1W7;37,GLE4O1;68
497953619,,MTH1W7;15,SBI4U1;32,DCO3OC;15,HZT4U1;59,MHF4U6;46,,ESLCO1;4
461890875,ADA1O1;27,MTH1W7;15,TEJ3M1;29,DCO3OC;15,HZT4U1;59,MHF4U6;46,PAF2O9;41,ESLCO1;4
416236626,,MTH1W7;15,,DCO3OC;15,HZT4U1;59,MHF4U6;46,PAF2O9;41,ESLCO1;4
483196765,ADA1O1;27,MTH1W7;15,TEJ3M1;29,CGC1D1;47,HZT4U1;59,MHF4U6;46,PAF2O9;41,PPL1O8;0
424514730,AMR2O1;44,ADA4M1;27,TEJ3M1;29,DCO3OC;15,HZT4U1;59,MHF4U6;46,MTH1W7;37,CHY4U1;67
483339114,AMR2O1;44,MTH1W7;15,SNC2P1;59,DCO3OC;15,HZT4U1;59,MHF4U6;46,PPL2O8;3,ESLCO1;4
477197665,AMR2O1;44,PPL2O9;4,TEJ3M1;29,DCO3OC;15,HZT4U1;59,MHF4U6;46,MTH1W7;37,SNC2D1;32
488406232,AMR2O1;44,MTH1W7;15,TEJ3M1;29,CGC1D1;47,HZT4U1;59,MHF4U6;46,PAI1O1;33,ESLCO1;4
486036611,AMR2O1;44,MTH1W7;15,TEJ3M1;29,AVI3M1;55,SPH4U1;57,TDJ3M1;11,PAF2O9;41,ESLCO1;4
497307472,SPH4U1;50,MTH1W7;15,SBI4U1;32,DCO3OC;15,MCV4UE;39,MHF4U6;46,PAF2O9;41,ESLCO1;4
498779293,AMR2O1;44,MTH1W7;15,TEJ3M1;29,DCO3OC;15,HZT4U1;59,MHF4U6;46,PPL2O8;3,HPW3C1;40
413797773,CIE3M1;2,MTH1W7;15,TEJ3M1;29,DCO3OC;15,HZT4U1;59,MHF4U6;46,ENG3U1;55,SBI3U1;39
446711828,AMR2O1;44,MTH1W7;15,IDC4U3;62,SPH4UE;31,SCH4UE;67,MHF4U6;46,PAF2O9;41,MDM4UE;57
471088299,,MTH1W7;15,IDC4U3;62,DCO3OC;15,HZT4U1;59,CPW4U1;53,PAF2O9;41,ESLCO1;4
418536308,AMR2O1;44,HSP3U1;12,TEJ3M1;29,DCO3OC;15,MDM4U1;45,MHF4U6;46,ENG3U1;55,ESLCO1;4
400583383,AMR2O1;44,HSP3U1;12,SNC2P1;59,ESLDO1;45,MDM4U1;45,MHF4U6;46,ENG3U1;55,HZT4U1;38
465238094,AMR2O1;45,MTH1W7;15,SNC2P1;59,ESLDO1;45,MDM4U1;45,CPW4U1;53,PAF2O9;41,SNC2D1;32
497532553,AMR2O1;45,PPL2O9;4,SNC2P1;59,ESLDO1;45,AWJ2O1;25,CPW4U1;53,MTH1W7;37,SNC2D1;32
467983604,AMR2O1;45,MTH1W7;15,SNC2P1;59,ESLDO1;45,MDM4U1;45,AWC4M1;66,PAF2O9;41,ESLCO1;4
422357816,BTT1O1;28,MTH1W7;15,SNC2P1;59,CGC1D1;47,MDM4U1;45,CPW4U1;53,PAF2O9;41,PPL1O8;0
415005819,AMR2O1;45,MBF3C1;32,SNC2P1;59,ESLDO1;45,MDM4U1;45,CPW4U1;53,ENG3U1;55,ESLCO1;4
463614696,BTT1O1;28,MTH1W7;15,SNC2P1;59,CGC1D1;47,MDM4U1;45,CPW4U1;53,PAF2O9;41,PPL1O8;0
416790810,SPH4U1;50,MTH1W7;15,SBI4U1;32,ESLDO1;45,FSF4U1;58,CPW4U1;53,PAF2O9;41,MDM4U1;60
432536960,AMR2O1;45,MCF3M1;45,SNC2P1;59,ESLDO1;45,MDM4U1;45,CPW4U1;53,ENG3U1;55,ESLCO1;4
426147022,AMR2O1;45,MTH1W7;15,SNC2P1;59,CGC1D1;47,MCV4UE;39,CPW4U1;53,PAF2O9;41,PPL1O8;0
479528530,SPH4U1;50,MTH1W7;15,SNC2P1;59,ESLDO1;45,SCH4U1;31,CPW4U1;53,PAF2O9;41,ESLCO1;4
431955038,AMR2O1;45,MTH1W7;15,SBI4U1;32,ESLDO1;45,FSF4U1;58,CPW4U1;53,PAF2O9;41,ESLCO1;4
428493266,SPH4U1;50,MTH1W7;15,,ESLDO1;45,PPL4O9;0,CPW4U1;53,PAF2O9;41,ESLCO1;4
425156655,AMR2O1;45,MTH1W7;15,SNC2P1;59,CGC1D1;47,MCV4UE;39,CPW4U1;53,PAF2O9;41,PPL1O8;0
438287757,AMR2O1;45,HSP3U1;12,SNC2P1;59,ESLDO1;45,AWJ2O1;25,CPW4U1;53,PAF2O9;41,ESLCO1;4
432008523,AMR2O1;45,ENG4C1;48,SNC2P1;59,ESLDO1;45,DCO3OC;43,CPW4U1;53,ENG3U1;55,ESLCO1;4
483660753,AMR2O1;45,ENG4C1;48,SNC2P1;59,ESLDO1;45,MCV4UE;39,CPW4U1;53,TEJ3M1;30,AMI3M1;26
413520088,BTT1O1;28,ENG4C1;48,SNC2P1;59,CGC1D1;47,MCV4UE;39,AWC4M1;66,PAF2O9;41,PPL1O8;0
426683873,AMR2O1;45,ENG4C1;48,SNC2P1;59,ESLDO1;45,AWJ2O1;25,AWC4M1;66,PPL2O8;3,AMI3M1;26
408603066,,ENG4C1;48,SBI4U1;32,ESLDO1;45,FSF4U1;58,AWC4M1;66,PAF2O9;41,AMI3M1;26
438823630,AMR2O1;45,ENG4C1;48,SNC2P1;59,PAF2O9;57,MCV4UE;39,AWC4M1;66,TEJ3M1;30,HZT4U1;38
470628078,AMR2O1;45,ENG4C1;48,SNC2P1;59,CGC1D1;47,MCV4UE;39,AWC4M1;66,TEJ3M1;30,PPL1O8;0
462458028,AMR2O1;45,ENG4C1;48,CGC1DG;54,PAF2O9;57,MCV4UE;39,AWC4M1;66,TEJ3M1;30,ADA2O1;27
408223350,AMR2O1;45,ENG4C1;48,CGC1DG;54,AVI3M1;55,MCV4UE;39,AWC4M1;66,TEJ3M1;30,AMI3M1;26
436868907,BTT1O1;28,ENG4C1;48,CGC1DG;54,ESLDO1;45,MCV4UE;39,AWC4M1;66,TEJ3M1;30,AMI3M1;26
488233287,SPH4U1;50,ENG4C1;48,,ESLDO1;45,SCH4U1;31,AWC4M1;66,TEJ3M1;30,AMI3M1;26
489672263,AMI2O1;26,ENG4C1;48,CGC1DG;54,ESLDO1;45,MCV4UE;39,AWC4M1;66,TEJ3M1;30,AMI3M1;26
415316383,AMR2O1;45,PPL2O9;4,CGC1DG;54,ESLDO1;45,MCV4UE;39,AWC4M1;66,TEJ3M1;30,AMI3M1;26
431474802,AMR2O1;45,ENG4C1;48,CGC1DG;54,ESLDO1;45,MCV4UE;39,AWC4M1;66,TEJ3M1;30,AMI3M1;26
443800029,AMR2O1;45,ENG4C1;48,CGC1DG;54,PAF2O9;57,MCV4UE;39,AWC4M1;66,ENG3U1;55,SBI3U1;39
424519555,BTT1O1;28,ENG4C1;48,CGC1DG;54,CGC1D1;47,MCV4UE;39,AWC4M1;66,TEJ3M1;30,AMI3M1;26
454784415,AMR2O1;45,ENG4C1;48,CGC1DG;54,PAF2O9;57,FSF4U1;58,AWC4M1;66,ENG3U1;55,AMI3M1;26
499523141,AMR2O1;45,PPL2O9;4,CGC1DG;54,PAF2O9;57,MCV4UE;39,AWC4M1;66,TEJ3M1;30,AMI3M1;26
498321573,,ENG4C1;48,,PAF2O9;57,SCH4U1;31,,TEJ3M1;30,HZT4U1;38
407190918,AMR2O1;45,ENG4C1;48,CGC1DG;54,PAF2O9;57,MCV4UE;39,AWC4M1;66,TEJ3M1;30,AMI3M1;26
436573932,AMR2O1;45,ENG4C1;48,CGC1DG;54,PAF2O9;57,FSF4U1;58,AWC4M1;66,TEJ3M1;30,TGV4M1;6
439465399,AMR2O1;45,ENG4C1;48,CGC1DG;54,PAF2O9;57,MCV4UE;39,AWC4M1;66,ENG3U1;55,AMI3M1;26
460527004,AMR2O1;45,ENG4C1;48,CGC1DG;54,PAF2O9;57,MCV4UE;39,AWC4M1;66,TEJ3M1;30,AMI3M1;26
481921769,SPH4U1;50,MCF3M1;45,CGC1DG;54,PAF2O9;57,PPL4O9;0,AWC4M1;66,TEJ3M1;30,AMI3M1;26
498003350,BTT1O1;28,ENG4C1;48,CGC1D2;28,CGC1D1;47,MCV4UE;39,CGC1DG;45,TEJ3M1;30,AMI3M1;26
443438341,AMR2O1;45,ENG4C1;48,CGC1D2;28,PAF2O9;57,MCV4UE;39,CGC1DG;45,TEJ3M1;30,HZT4U1;38
493872307,BTT1O1;28,ENG4C1;48,CGC1D2;28,PAF2O9;57,MCV4UE;39,CGC1DG;45,TEJ3M1;29,AMI3M1;26
496968673,AMR2O1;45,ENG4C1;48,,PAF2O9;57,MCV4UE;39,CGC1DG;45,TEJ3M1;29,HZT4U1;38
460507351,SPH4U1;50,COP3X#;62,CGC1D2;28,PAF2O9;57,SCH4U1;31,CGC1DG;45,TEJ3M1;29,MDM4U1;60
489616766,BTT1O1;28,COP3X#;62,CGC1D2;28,PAF2O9;57,CGC1DG;19,TDJ3M1;11,TEJ3M1;29,AMI3M1;26
455307971,AMR2O1;45,COP3X#;62,CGC1D2;28,CGC1D1;47,MCV4UE;39,CGC1DG;45,TEJ3M1;29,AMI3M1;26
489021440,BTT1O1;28,COP3X#;62,CGC1D2;28,CGC1D1;47,MCV4UE;39,CGC1DG;45,TEJ3M1;29,PPL1O8;0
406635802,BTT1O1;28,COP3X#;62,CGC1D2;28,PAF2O9;57,CGC1DG;19,TDJ3M1;11,PAI1O1;33,AMI3M1;26
413107128,BTT1O1;28,COP3X#;62,CGC1D2;28,SPH4UE;31,DCO3OC;43,CGC1DG;45,TEJ3M1;29,AMI3M1;26
445538077,BTT1O1;28,COP3X#;62,CGC1D2;28,CGC1D1;47,MTH1WG;21,TDJ3M1;11,TEJ3M1;29,AMI3M1;26
492434494,BTT1O1;28,COP3X#;13,CGC1D2;28,PAF2O9;57,MTH1WG;21,TDJ3M1;11,TEJ3M1;29,AMI3M1;26
400430458,SPH4U1;50,COP3X#;13,SBI4U1;32,PAF2O9;57,SCH4U1;31,AMR4M1;4,TEJ3M1;29,AMI3M1;26
478627292,BTT1O1;28,COP3X#;13,CGC1D2;28,PAF2O9;57,TDJ3M1;30,AMI2O1;26,ENG3U1;55,SBI3U1;39
419333504,BTT1O1;28,COP3X#;13,CGC1D2;28,PAF2O9;57,SCH4U1;31,AMR4M1;4,TEJ3M1;29,SBI3U1;39
492665360,BTT1O1;28,COP3X#;13,CGC1D2;28,PAF2O9;57,FSF4U1;58,TDJ3M1;11,TEJ3M1;29,HZT4U1;38
419712795,BTT1O1;28,COP3X#;13,CGC1D2;28,CGC1D1;47,TDJ3M1;30,AMI2O1;26,ENG3U1;55,MDM4UE;57
496284078,BTT1O1;28,COP3X#;13,,CGC1D1;47,PPL4O9;0,TDJ3M1;11,TEJ3M1;29,SBI3U1;39
451434523,BTT1O1;28,COP3X#;13,CGC1D2;28,CGC1D1;47,MTH1WG;21,TDJ3M1;11,PAI1O1;33,SBI3U1;39
425436962,BTT1O1;28,MCF3M1;45,CGC1D2;28,CGC1D1;47,MTH1WG;21,AMI2O1;26,ENG3U1;55,HPW3C1;40
442351394,BTT1O1;28,COP3X#;13,,CGC1D1;47,SPH4U1;57,,TEJ3M1;29,SBI3U1;39
492951649,AMI2O1;26,COP3X#;13,CGC1D2;28,CGC1D1;47,MTH1WG;21,AMR4M1;4,TEJ3M1;29,SBI3U1;39
478675717,BTT1O1;28,COP3X#;13,CGC1D2;28,CGC1D1;47,MTH1WG;21,AMI2O1;26,TEJ3M1;29,ADA2O1;27
408394354,BTT1O1;28,COP3X#;13,CGC1D2;28,CGC1D1;47,MTH1WG;21,AMI2O1;26,ENG3U1;55,SBI3U1;39
430237581,BTT1O1;28,COP3X#;13,CGC1D2;28,CGC1D1;47,MTH1WG;21,AMI2O1;26,TEJ3M1;29,SBI3U1;39
476070160,CIE3M1;2,PPL2O9;4,CGC1D2;28,CGC1D1;47,MTH1WG;21,AMI2O1;26,TEJ3M1;29,SBI3U1;39
442188810,CIE3M1;2,COP3X#;13,CGC1D2;28,ADB2O1;4,MTH1WG;21,AMI2O1;26,TEJ3M1;29,ADA2O1;27
480405464,CIE3M1;2,COP3X#;13,CGC1D2;28,CGC1D1;47,CGC1DG;19,AMI2O1;26,TEJ3M1;29,SBI3U1;39
484483067,SPH4U1;59,COP3X#;13,SBI4U1;32,CGC1D1;47,SCH4U1;31,AMI2O1;26,TEJ3M1;29,SBI3U1;39
404125601,CIE3M1;2,COP3X#;13,CGC1D2;28,CGC1D1;1,MTH1WG;21,AMR4M1;4,TEJ3M1;29,SBI3U1;39
434886665,CIE3M1;2,COP3X#;13,CGC1D2;28,CGC1D1;1,MTH1WG;21,AMR4M1;4,PAI1O1;33,SBI3U1;39
415159250,CIE3M1;2,COP3X#;13,IDC4U3;62,CGC1D1;1,MTH1WG;21,AMR4M1;4,PAI1O1;33,SBI3U1;39
403263574,CIE3M1;2,COP3X#;13,,CGC1D1;1,MTH1WG;21,AMR4M1;4,PAI1O1;33,SBI3U1;39
408638043,CIE3M1;2,COP3X#;13,IDC4U3;62,SPH4UE;31,SCH4U1;31,SBI4U1;24,PAI1O1;33,MDM4UE;57
418904350,CIE3M1;2,COP3X#;13,IDC4U3;62,CGC1D1;1,SCH4U1;31,AMR4M1;4,PAI1O1;33,SBI3U1;39
470343631,CIE3M1;2,COP3X#;13,,CGC1D1;1,SPH4U1;57,AMR4M1;4,PAI1O1;33,SBI3U1;39
459767514,CIE3M1;2,COP3X#;13,IDC4U3;62,CGC1D1;1,MTH1WG;21,AMR4M1;4,ENG3U1;55,SBI3U1;39
496176985,CIE3M1;2,COP3X#;13,SBI4U1;32,CGC1D1;1,SCH4U1;31,AMR4M1;4,PAI1O1;34,SBI3U1;39
415270808,CIE3M1;2,COP3X#;13,IDC4U3;62,CGC1D1;1,MTH1WG;21,AMR4M1;4,PAI1O1;34,PPL1O8;0
431439460,CIE3M1;2,COP3X#;13,IDC4U3;62,CGC1D1;1,MTH1WG;21,AMR4M1;4,PAI1O1;34,SBI3U1;39
431869033,AMI2O1;26,COP3X#;13,IDC4U3;62,CGC1D1;1,MTH1WG;21,AMR4M1;4,PAI1O1;34,SBI3U1;39
495738917,CIE3M1;2,COP3X#;13,IDC4U3;62,CGC1D1;1,MTH1WG;21,AMR4M1;4,ENG3U1;55,SBI3U1;39
483807410,CIE3M1;2,COP3X#;13,IDC4U3;62,CGC1D1;1,DCO3OC;43,AMR4M1;4,ENG3U1;55,HPW3C1;40
410045677,CIE3M1;2,AWD3M1;63,IDC4U3;62,CGC1D1;1,SCH4U1;31,AMR4M1;4,PAI1O1;34,SBI3U1;39
457429790,CIE3M1;2,AWD3M1;63,IDC4U3;62,CGC1D1;1,MTH1WG;21,AMR4M1;4,ENG3U1;55,SBI3U1;39
406763511,SPH4U1;59,AWD3M1;63,IDC4U3;62,SPH4UE;31,SCH4U1;31,AMR4M1;4,PAI1O1;34,SBI3U1;39
405097169,CIE3M1;2,AWD3M1;63,SBI4U1;32,SPH4UE;31,SCH4U1;31,AMR4M1;4,PAI1O1;34,PPL1O8;0
460654738,CIE3M1;2,AWD3M1;63,IDC4U3;62,CGC1D1;1,TDJ3M1;30,AMR4M1;4,PAI1O1;34,PPL1O8;0
459544086,CIE3M1;2,AWD3M1;63,IDC4U3;62,CGC1D1;1,MTH1WG;21,AMR4M1;4,PAI1O1;34,PPL1O8;0
446131423,CIE3M1;2,MBF3C1;32,IDC4U3;62,AVI3M1;55,MTH1WG;21,AMR4M1;4,ENG3U1;55,PPL1O8;0
448341239,CIE3M1;2,AWD3M1;63,IDC4U3;62,CGC1D1;1,MTH1WG;21,AMR4M1;4,ENG3U1;55,PPL1O8;0
486926264,AMI2O1;26,AWD3M1;63,IDC4U3;62,CGC1D1;1,MTH1WG;21,AMR4M1;4,PAI1O1;34,PPL1O8;0
484577040,AMI2O1;26,ADA4M1;27,SBI4U1;32,CGC1D1;1,FSF4U1;58,AMR4M1;4,PAI1O1;34,PPL1O8;0
488677959,AMI2O1;26,AWD3M1;63,IDC4U3;62,CGC1D1;1,MTH1WG;21,AMR4M1;4,ENG3U1;55,PPL1O8;0
459016817,AMI2O1;26,AWD3M1;63,IDC4U3;62,CGC1D1;1,DCO3OC;43,,PAI1O1;34,PPL1O8;0
418760812,SPH4U1;59,AWD3M1;63,SBI4U1;32,CGC1D1;1,PPL4O9;0,,PAI1O1;34,PPL1O8;0
422505737,AMI2O1;26,AWD3M1;63,SBI4U1;32,CGC1D1;1,FSF4U1;58,,PAI1O1;34,PPL1O8;0
445073313,AMI2O1;26,AWD3M1;63,SBI4U1;32,CGC1D1;1,MTH1WG;21,,PAI1O1;34,ADA2O1;27
428473314,AMI2O1;26,AWD3M1;63,SBI4U1;32,CGC1D1;1,MTH1WG;21,,PAI1O1;34,ICS2OG;53
454854534,AMI2O1;26,AWD3M1;63,SBI4U1;32,CGC1D1;1,FSF4U1;58,,PAI1O1;34,ADA2O1;27
433858346,AMI2O1;26,AWD3M1;63,SBI4U1;32,CGC1D1;1,SCH4U1;31,,PAI1O1;34,ADA2O1;27
423361495,AMI2O1;26,AWD3M1;63,SBI4U1;32,CGC1D1;1,MTH1WG;21,,PAI1O1;34,ADA2O1;27
413951303,AMI2O1;26,AWD3M1;63,SBI4U1;32,CGC1D1;19,MTH1WG;21,,PAI1O1;34,ADA2O1;27
481919450,SPH4U1;59,AWD3M1;63,SBI4U1;55,CGC1D1;19,SCH4U1;31,,PAI1O1;34,GLE4O1;68
490456472,SPH4U1;59,AWD3M1;63,SBI4U1;55,CGC1D1;19,SBI4UE;23,,PAI1O1;34,ADA2O1;27
476016500,,AWD3M1;63,,CGC1D1;19,SCH4UE;67,,PAI1O1;34,ADA2O1;27
461981364,SPH4U1;59,PPL2O9;4,SBI4U1;55,CGC1D1;19,SNC2P1;35,,PAI1O1;34,ADA2O1;27
401382891,SPH4U1;59,AWD3M1;63,SBI4U1;55,CGC1D1;19,SCH4UE;67,,PAI1O1;34,ADA2O1;27
448201009,SPH4U1;59,FSF4U1;31,SBI4U1;55,CGC1D1;19,SCH4U1;31,,PAI1O1;34,ADA2O1;27
443065596,SPH4U1;59,PPL2O9;4,SBI4U1;55,CGC1D1;19,SCH4UE;67,,PAI1O1;34,ADA2O1;27
450717668,SPH4U1;59,AWD3M1;63,SBI4U1;55,CGC1D1;19,SCH4UE;67,,PAI1O1;34,ADA2O1;27
417133640,SPH4U1;59,AWD3M1;63,SBI4U1;55,CGC1D1;19,SCH4UE;67,,ENG3U1;55,ADA2O1;27
409302109,SPH4U1;59,AWD3M1;63,SBI4U1;55,CGC1D1;19,SCH4UE;67,,ENG3U1;51,HZT4U1;38
463646092,,ADA4M1;27,SBI4U1;55,CGC1D1;19,SPH4U1;57,,ENG3U1;51,HZT4U1;38
407483760,SPH4U1;59,AWD3M1;63,SBI4U1;55,CGC1D1;19,SCH4UE;67,,ENG3U1;51,GLE4O1;68
463761195,SPH4U1;59,ADA4M1;27,SBI4U1;55,CGC1D1;19,DCO3OC;43,,ENG3U1;51,HZT4U1;38
498638845,SPH4U1;59,ADA4M1;27,SBI4U1;55,CGC1D1;19,SCH4UE;67,,ENG3U1;51,MDM4UE;57
443303339,SPH4U1;59,ADA4M1;27,SBI4U1;55,CGC1D1;19,SCH4UE;67,,ENG3U1;51,HZT4U1;38
476655633,SPH4U1;59,ADA4M1;27,SBI4U1;55,CGC1D1;19,SCH4U1;31,,ENG3U1;51,HZT4U1;38
483738448,SPH4U1;59,ADA4M1;27,SBI4U1;55,CGC1D1;19,SCH4UE;67,,ENG3U1;51,SNC2D2;61
474344470,SPH4U1;59,ADA4M1;27,SBI4U1;55,CGC1D1;19,SCH4UE;67,,PPL2O8;3,HZT4U1;38
432404053,,ADA4M1;27,SBI4U1;55,CGC1D1;19,SCH4UE;67,,ENG3U1;51,HZT4U1;38
409979929,,ADA4M1;27,SBI4U1;55,CGC1D1;19,SCH4UE;67,,ENG3U1;51,HZT4U1;38
494126995,,ADA4M1;27,SBI4U1;55,CGC1D1;19,SCH4UE;67,,ENG3U1;51,HZT4U1;38
416248182,,ADA4M1;27,SBI4U1;55,CGC1D1;19,SCH4UE;67,,ENG3U1;51,PAI1O1;17
492230595,,ADA4M1;27,SBI4U1;55,CGC1D1;19,SCH4UE;67,,PPL2O8;3,HZT4U1;38
426522631,,ADA4M1;27,SBI4U1;55,CGC1D1;19,SCH4UE;67,,ENG3U1;51,MDM4UE;57
418638254,,ADA4M1;27,SBI4U1;55,CGC1D1;19,SCH4UE;67,,ENG3U1;51,MDM4UE;57
487464577,,ADA4M1;27,SBI4U1;55,CGC1D1;19,SCH4UE;67,,ENG3U1;51,MDM4UE;57
499638088,,ADA4M1;27,SBI4U1;55,CGC1D1;19,SCH4UE;67,,ENG3U1;51,MDM4UE;57
442666399,,ADA4M1;27,SBI4U1;55,CGC1D1;19,SCH4U1;31,,ENG3U1;51,MDM4UE;57
499262380,,ADA4M1;27,SBI4U1;55,CGC1D1;39,SCH4UE;67,,ENG3U1;51,MDM4UE;57
444207106,,FSF4U1;31,SBI4U1;55,CGC1D1;39,SCH4UE;67,,ENG3U1;51,PAI1O1;17
468597782,,FSF4U1;31,SBI4U1;55,AVI3M1;55,SCH4UE;67,,ENG3U1;51,MDM4UE;57
403922269,,FSF4U1;31,,CGC1D1;39,SBI4UE;23,,ENG3U1;51,MDM4UE;57
443180930,,FSF4U1;31,,CGC1D1;39,SCH4UE;67,,ENG3U1;51,MDM4UE;57
476811902,,FSF4U1;31,,CGC1D1;39,SPH4U1;57,,ENG3U1;51,MDM4UE;57
447516421,,FSF4U1;31,,CGC1D1;39,SCH4UE;67,,ENG3U1;51,MDM4UE;57
459794101,,FSF4U1;31,,CGC1D1;39,SCH4UE;67,,ENG3U1;51,MDM4UE;57
405308145,,FSF4U1;31,,CGC1D1;39,SCH4U1;31,,ENG3U1;51,MDM4UE;57
400993674,,FSF4U1;31,,CGC1D1;39,DCO3OC;43,,PPL2O8;3,HPW3C1;40
484912801,,MBF3C1;32,,AVI3M1;55,SCH4U1;31,,PPL2O8;3,MDM4UE;57
410531883,,FSF4U1;31,,CGC1D1;39,SCH4U1;31,,PPL2O8;3,MDM4UE;57
454559594,,FSF4U1;31,,CGC1D1;39,SCH4U1;31,,PPL2O8;3,MDM4UE;57
482515380,,MCF3M1;45,,CGC1D1;39,DCO3OC;43,,PPL2O8;3,MDM4UE;57
442849065,,MCF3M1;45,,CGC1D1;39,SCH4U1;31,,PPL2O8;3,MDM4UE;57
420332555,,MCF3M1;45,,CGC1D1;39,SCH4U1;31,,PPL2O8;3,ICS2OG;53
422825821,,MCF3M1;45,,CGC1D1;39,ICS2OG;53,,PPL2O8;3,TGV4M1;6
470738613,,MCF3M1;45,,CGC1D1;39,DCO3OC;43,,PPL2O8;3,ICS2OG;53
477455787,,MCF3M1;45,,CGC1D1;39,DCO3OC;43,,PPL2O8;3,ICS2OG;53
435394769,,MCF3M1;45,,CGC1D1;39,DCO3OC;43,,PPL2O8;3,ICS2OG;53
489632603,,MCF3M1;45,,CGC1D1;39,DCO3OC;43,,PPL2O8;3,ICS2OG;53
436931768,,MCF3M1;45,,CGC1D1;39,DCO3OC;43,,PPL2O8;3,ICS2OG;53
498956182,,MCF3M1;45,,CGC1D1;39,DCO3OC;43,,PPL2O8;3,ICS2OG;53
467206572,,MCF3M1;45,,CGC1D1;39,SNC2P1;35,,PPL2O8;3,ICS2OG;53
412598254,,MCF3M1;45,,CGC1D1;39,DCO3OC;43,,,ICS2OG;53
461748231,,MCF3M1;45,,CGC1D1;39,TDJ3M1;30,,,COP3X9;10
469786277,,MCF3M1;45,,CGC1D1;39,ICS2OG;53,,,TGV4M1;6
401542748,,MCF3M1;45,,CGC1D1;39,SNC2P1;35,,,ICS2OG;53
474052370,,MCF3M1;45,,CGC1D1;39,SNC2P1;35,,,ICS2OG;53
492946973,,MCF3M1;45,,CGC1D1;39,SNC2P1;35,,,ICS2OG;53
498724231,,MCF3M1;45,,CGC1D1;39,SNC2P1;35,,,ICS2OG;53
471871087,,PPL2O9;4,,AVI3M1;55,SNC2P1;35,,,ICS2OG;53
477559324,,MCF3M1;45,,AVI3M1;55,ICS2OG;53,,,PAI1O1;17
499213088,,MCF3M1;45,,AVI3M1;55,SNC2P1;35,,,ICS2OG;53
441383443,,MCF3M1;45,,AVI3M1;55,ICS2OG;53,,,GLE4O1;68
492214673,,PPL2O9;4,,AVI3M1;55,AWJ2O1;25,,,ICS2OG;53
494593643,,MCF3M1;45,,AVI3M1;55,SNC2P1;35,,,ICS2OG;53
478845990,,PPL2O9;4,,AVI3M1;55,SNC2P1;35,,,ICS2OG;53
422990445,,PPL2O9;4,,AVI3M1;55,SNC2P1;35,,,ICS2OG;53
478989746,,PPL2O9;4,,AVI3M1;55,SNC2P1;35,,,COP3X9;10
431243448,,PPL2O9;4,,AVI3M1;55,SNC2P1;35,,,COP3X9;10
443118104,,PPL2O9;4,,AVI3M1;55,SNC2P1;35,,,COP3X9;10
458060010,,PPL2O9;4,,AVI3M1;55,SPH4U1;57,,,COP3X9;10
403936520,,PPL2O9;4,,PPL4O9;3,CGC1DG;19,,,PAI1O1;17
457571875,,PPL2O9;4,,PPL4O9;3,SNC2P1;35,,,COP3X9;10
483267079,,PPL2O9;4,,PPL4O9;3,SNC2P1;35,,,COP3X9;10
453396334,,PPL2O9;4,,PPL4O9;3,SNC2P1;35,,,COP3X9;10
410982890,,PPL2O9;4,,PPL4O9;3,SPH4U1;57,,,COP3X9;10
418145467,,PPL2O9;4,,PPL4O9;3,FSF4U1;58,,,COP3X9;10
447369693,,PPL2O9;4,,PPL4O9;3,FSF4U1;58,,,COP3X9;10
445790477,,MBF3C1;32,,ADB2O1;4,PPL4O9;0,,,COP3X9;10
498728654,,MBF3C1;32,,PPL4O9;3,FSF4U1;58,,,PAI1O1;17
421242300,,MBF3C1;32,,ADB2O1;4,FSF4U1;58,,,COP3X9;10
498755766,,MBF3C1;32,,ADB2O1;4,AWJ2O1;25,,,COP3X9;10
443850782,,MBF3C1;32,,ADB2O1;4,CGC1DG;19,,,COP3X9;10
417210540,,MBF3C1;32,,ADB2O1;4,FSF4U1;58,,,COP3X9;10
486381582,,MBF3C1;32,,ADB2O1;4,FSF4U1;58,,,COP3X9;10
401155569,,MBF3C1;32,,ADB2O1;4,FSF4U1;58,,,HPW3C1;40
414594257,,MBF3C1;32,,ADB2O1;4,FSF4U1;58,,,SNC2D2;61
452705944,,MBF3C1;32,,ADB2O1;4,PPL4O9;0,,,COP3X9;10
415070368,,MBF3C1;32,,ADB2O1;4,FSF4U1;58,,,CHY4U1;67
477434359,,MBF3C1;32,,ADB2O1;4,AWJ2O1;25,,,COP3X9;10
479743409,,MBF3C1;32,,ADB2O1;4,CGC1DG;19,,,COP3X9;10
477556017,,MBF3C1;32,,ADB2O1;4,TDJ3M1;30,,,COP3X9;10
438041914,,MBF3C1;32,,ADB2O1;4,CGC1DG;19,,,COP3X9;10
418552849,,MBF3C1;32,,ADB2O1;4,CGC1DG;19,,,COP3X9;10
464114402,,MBF3C1;32,,ADB2O1;4,CGC1DG;19,,,COP3X9;10
423336299,,MBF3C1;32,,ADB2O1;4,CGC1DG;19,,,COP3X9;10
483764111,,MBF3C1;32,,ADB2O1;4,CGC1DG;19,,,COP3X9;10
477302542,,,,SPH4UE;31,CGC1DG;19,,,COP3X9;10
469048784,,,,SPH4UE;31,TDJ3M1;30,,,GLE4O1;68
495175827,,,,SPH4UE;31,TDJ3M1;30,,,GLE4O1;68
407625364,,,,SPH4UE;31,TDJ3M1;30,,,GLE4O1;68
467400060,,,,SPH4UE;31,TDJ3M1;30,,,GLE4O1;68
427532484,,,,SPH4UE;31,TDJ3M1;30,,,GLE4O1;68
482623294,,,,SPH4UE;31,TDJ3M1;30,,,GLE4O1;68
418959132,,,,SPH4UE;31,TDJ3M1;30,,,GLE4O1;68
402684705,,,,SPH4UE;31,TDJ3M1;30,,,PAI1O1;17
434462147,,,,SPH4UE;31,TDJ3M1;30,,,PAI1O1;17
438181426,,,,SPH4UE;31,AWJ2O1;25,,,GLE4O1;68
443947356,,,,SPH4UE;31,PPL4O9;0,,,TGV4M1;6
453448696,,,,SPH4UE;31,AWJ2O1;25,,,TGV4M1;6
435460295,,,,SPH4UE;31,AWJ2O1;25,,,GLE4O1;68
488478498,,,,SPH4UE;31,PPL4O9;0,,,GLE4O1;68
466446767,,,,SPH4UE;31,AWJ2O1;25,,,GLE4O1;68
467339632,,,,SPH4UE;31,AWJ2O1;25,,,GLE4O1;68
400707234,,,,SPH4UE;31,AWJ2O1;25,,,GLE4O1;68
415018495,,,,SPH4UE;31,AWJ2O1;25,,,GLE4O1;68
495911110,,,,SPH4UE;31,AWJ2O1;25,,,GLE4O1;68
400809938,,,,SPH4UE;31,AWJ2O1;25,,,GLE4O1;68
406448968,,,,,AWJ2O1;25,,,GLE4O1;68
491549097,,,,,AWJ2O1;25,,,GLE4O1;68
421836126,,,,,AWJ2O1;25,,,SNC2D2;61
433748157,,,,,AWJ2O1;25,,,GLE4O1;68
496156868,,,,,PPL4O9;0,,,GLE4O1;68
493309350,,,,,PPL4O9;0,,,GLE4O1;68
427533079,,,,,PPL4O9;0,,,CHY4U1;67
494712161,,,,,PPL4O9;0,,,GLE4O1;68
495756177,,,,,SPH4U1;57,,,GLE4O1;68
499766494,,,,,PPL4O9;0,,,PAI1O1;17
452540566,,,,,PPL4O9;0,,,PAI1O1;17
407094440,,,,,SPH4U1;57,,,PAI1O1;17
412906901,,,,,PPL4O9;0,,,PAI1O1;17
496924121,,,,,PPL4O9;0,,,PAI1O1;17
412613133,,,,,PPL4O9;0,,,PAI1O1;17
477584871,,,,,SPH4U1;57,,,PAI1O1;17
459011990,,,,,SPH4U1;57,,,HPW3C1;40
447881467,,,,,SPH4U1;57,,,HPW3C1;40
408979270,,,,,SPH4U1;57,,,HPW3C1;40
487456450,,,,,SPH4U1;57,,,HPW3C1;40
494444155,,,,,SPH4U1;57,,,HPW3C1;40
441046297,,,,,SPH4U1;57,,,HPW3C1;40
484440163,,,,,SPH4U1;57,,,HPW3C1;40
414484662,,,,,SPH4U1;57,,,HPW3C1;40
412424051,,,,,SPH4U1;57,,,SNC2D2;61
444251523,,,,,SPH4U1;57,,,HPW3C1;40
412884527,,,,,SPH4U1;57,,,HPW3C1;40
408721320,,,,,SPH4U1;57,,,HPW3C1;40
445048984,,,,,SPH4U1;57,,,HPW3C1;40
489998298,,,,,SPH4U1;18,,,HPW3C1;40
440923726,,,,,SPH4U1;18,,,HPW3C1;40
468878855,,,,,SPH4U1;18,,,CHY4U1;67
496162680,,,,,SPH4U1;18,,,CHY4U1;67
492146078,,,,,SPH4U1;18,,,CHY4U1;67
435605361,,,,,SPH4U1;18,,,CHY4U1;67
417741177,,,,,SPH4U1;18,,,CHY4U1;67
480073080,,,,,SPH4U1;18,,,CHY4U1;67
447592675,,,,,SPH4U1;18,,,CHY4U1;67
430542294,,,,,SPH4U1;18,,,CHY4U1;67
454802427,,,,,SPH4U1;18,,,CHY4U1;67
472566537,,,,,SPH4U1;18,,,CHY4U1;67
407835093,,,,,SPH4U1;18,,,CHY4U1;67
404298108,,,,,SPH4U1;18,,,CHY4U1;67
472245060,,,,,SPH4U1;18,,,CHY4U1;67
461233149,,,,,SPH4U1;18,,,CHY4U1;67
414774560,,,,,SPH4U1;18,,,CHY4U1;67
469498818,,,,,SPH4U1;18,,,SNC2D2;61
456403846,,,,,SBI4UE;23,,,CHY4U1;67
415809464,,,,,SPH4U1;18,,,CHY4U1;67
482726755,,,,,SPH4U1;18,,,CHY4U1;67
498894601,,,,,SPH4U1;18,,,TGV4M1;6
461022590,,,,,SPH4U1;18,,,TGV4M1;6
486061075,,,,,SPH4U1;18,,,TGV4M1;6
474321024,,,,,SPH4U1;18,,,TGV4M1;6
465474194,,,,,SPH4U1;18,,,TGV4M1;6
430895455,,,,,SPH4U1;18,,,TGV4M1;6
474669140,,,,,SPH4U1;18,,,TGV4M1;6
461819891,,,,,SPH4U1;18,,,TGV4M1;6
427738552,,,,,SPH4U1;18,,,TGV4M1;6
474894979,,,,,SPH4U1;18,,,TGV4M1;6
425651211,,,,,SBI4UE;23,,,TGV4M1;6
487362930,,,,,SBI4UE;23,,,TGV4M1;6
448369214,,,,,SBI4UE;23,,,TGV4M1;6
435924023,,,,,SBI4UE;23,,,TGV4M1;6
415038156,,,,,SBI4UE;23,,,TGV4M1;6
435736678,,,,,SBI4UE;23,,,TGV4M1;6
494780770,,,,,SBI4UE;23,,,SNC2D2;61
481989017,,,,,SBI4UE;23,,,SNC2D2;61
429845413,,,,,SBI4UE;23,,,SNC2D2;61
411494912,,,,,SBI4UE;23,,,SNC2D2;61
433425716,,,,,SBI4UE;23,,,SNC2D2;61
447377080,,,,,SBI4UE;23,,,SNC2D2;61
473818158,,,,,SBI4UE;23,,,SNC2D2;61
468601310,,,,,SBI4UE;23,,,SNC2D2;61
496223866,,,,,SBI4UE;23,,,SNC2D2;61
485829670,,,,,SBI4UE;23,,,SNC2D2;61
443996434,,,,,SBI4UE;23,,,SNC2D2;61
475239133,,,,,SBI4UE;23,,,SNC2D2;61
467117475,,,,,SBI4UE;23,,,SNC2D2;61
458640676,,,,,SBI4UE;23,,,SNC2D2;61
480837660,,,,,SBI4UE;23,,,SNC2D2;61
409030237,,,,,SBI4UE;23,,,SNC2D2;61
409507007,,,,,SBI4UE;23,,,SNC2D2;61
469766904,,,,,SBI4UE;23,,,SNC2D2;61
406450334,,,,,,,,SNC2D2;61
468628411,,,,,,,,SNC2D2;61
431201514,,,,,,,,SNC2D2;61
477324177,,,,,,,,
430434187,,,,,,,,
456499601,,,,,,,,
462521417,,,,,,,,
456252352,,,,,,,,
420888466,,,,,,,,
434674375,,,,,,,,
405320427,,,,,,,,
460467724,,,,,,,,
409341310,,,,,,,,
480355494,,,,,,,,
495947207,,,,,,,,
434481482,,,,,,,,
422669770,,,,,,,,
471486229,,,,,,,,
413546366,,,,,,,,
454247988,,,,,,,,
412521280,,,,,,,,
413732656,,,,,,,,
456602156,,,,,,,,
434916846,,,,,,,,
483313875,,,,,,,,
479805801,,,,,,,,
405257289,,,,,,,,
429197843,,,,,,,,
403583817,,,,,,,,
469647263,,,,,,,,
484693086,,,,,,,,
454208068,,,,,,,,
422265729,,,,,,,,
415724457,,,,,,,,
445736122,,,,,,,,
426955571,,,,,,,,
401431711,,,,,,,,
451529400,,,,,,,,
482860462,,,,,,,,
459024187,,,,,,,,
420082341,,,,,,,,
433347543,,,,,,,,
416883433,,,,,,,,
459559238,,,,,,,,
499773861,,,,,,,,
455460846,,,,,,,,
479906815,,,,,,,,
422313979,,,,,,,,
452182263,,,,,,,,
427171937,,,,,,,,
453434266,,,,,,,,
427301870,,,,,,,,
451146369,,,,,,,,
486383834,,,,,,,,
427099627,,,,,,,,
470509861,,,,,,,,
487298448,,,,,,,,
408942402,,,,,,,,
465069750,,,,,,,,
446163024,,,,,,,,
472082300,,,,,,,,
435546355,,,,,,,,
489939320,,,,,,,,
445191072,,,,,,,,
419775096,,,,,,,,
478752263,,,,,,,,
419814107,,,,,,,,
400832425,,,,,,,,
451070779,,,,,,,,
491449679,,,,,,,,
423282942,,,,,,,,
407721648,,,,,,,,
429849119,,,,,,,,
475154166,,,,,,,,
489107673,,,,,,,,
464341242,,,,,,,,
465945992,,,,,,,,
481563687,,,,,,,,
442714195,,,,,,,,
440378924,,,,,,,,
491056858,,,,,,,,
414046403,,,,,,,,
479946601,,,,,,,,
450316689,,,,,,,,
442346757,,,,,,,,
467075656,,,,,,,,
430050430,,,,,,,,
422488112,,,,,,,,
468906656,,,,,,,,
451100543,,,,,,,,
404479798,,,,,,,,
488875497,,,,,,,,
409887270,,,,,,,,
437938114,,,,,,,,
435877226,,,,,,,,
485078618,,,,,,,,
479957948,,,,,,,,
427495938,,,,,,,,
462453794,,,,,,,,
442171982,,,,,,,,
437679666,,,,,,,,
480481390,,,,,,,,
467001186,,,,,,,,
472577707,,,,,,,,
405447434,,,,,,,,
483726715,,,,,,,,
436896129,,,,,,,,
400616220,,,,,,,,
455849005,,,,,,,,
414856497,,,,,,,,
471711565,,,,,,,,
465057159,,,,,,,,
478603032,,,,,,,,
451246945,,,,,,,,
428427881,,,,,,,,
425778066,,,,,,,,
494681319,,,,,,,,
424573943,,,,,,,,
460741362,,,,,,,,
439548510,,,,,,,,
489786182,,,,,,,,
456719528,,,,,,,,
478595980,,,,,,,,
430992553,,,,,,,,
498045331,,,,,,,,
425404130,,,,,,,,
426818508,,,,,,,,
473942532,,,,,,,,
478603144,,,,,,,,
498634495,,,,,,,,
457615908,,,,,,,,
415682345,,,,,,,,
492728503,,,,,,,,
445904953,,,,,,,,
450697753,,,,,,,,
421988569,,,,,,,,
407125924,,,,,,,,
481062299,,,,,,,,
416915458,,,,,,,,
494412865,,,,,,,,
420327976,,,,,,,,
416842201,,,,,,,,
406563911,,,,,,,,
412909349,,,,,,,,
433363436,,,,,,,,
414307760,,,,,,,,
431870088,,,,,,,,
486695688,,,,,,,,
463337114,,,,,,,,
491768429,,,,,,,,
404697034,,,,,,,,
454146893,,,,,,,,
429123533,,,,,,,,
417230249,,,,,,,,
485120609,,,,,,,,
458555889,,,,,,,,
422068201,,,,,,,,
446025887,,,,,,,,
434290220,,,,,,,,
440755165,,,,,,,,
411406538,,,,,,,,
480995773,,,,,,,,
465863732,,,,,,,,
431878885,,,,,,,,
424051941,,,,,,,,
426439148,,,,,,,,
494310593,,,,,,,,
499955059,,,,,,,,
481470891,,,,,,,,
479026567,,,,,,,,
485506163,,,,,,,,
402552487,,,,,,,,
472554408,,,,,,,,
448963068,,,,,,,,
425294141,,,,,,,,
424367384,,,,,,,,
490711543,,,,,,,,
432913806,,,,,,,,
435072837,,,,,,,,
433419713,,,,,,,,
465852047,,,,,,,,
466551679,,,,,,,,
479965017,,,,,,,,
472439435,,,,,,,,
477491711,,,,,,,,
469059095,,,,,,,,
434759922,,,,,,,,
413058032,,,,,,,,
443905339,,,,,,,,
454513667,,,,,,,,
495569918,,,,,,,,
439580806,,,,,,,,
444068636,,,,,,,,
425810341,,,,,,,,
451023254,,,,,,,,
496400643,,,,,,,,
444071803,,,,,,,,
485620039,,,,,,,,
455818189,,,,,,,,
428524046,,,,,,,,
467753953,,,,,,,,
495857627,,,,,,,,
481592754,,,,,,,,
468215425,,,,,,,,
472498902,,,,,,,,
492229618,,,,,,,,
455318249,,,,,,,,
472425798,,,,,,,,
465449313,,,,,,,,
413654723,,,,,,,,
433803530,,,,,,,,
495457167,,,,,,,,
422837526,,,,,,,,
437697979,,,,,,,,
404401006,,,,,,,,
489224048,,,,,,,,
455697870,,,,,,,,
422631862,,,,,,,,
446634233,,,,,,,,
459508731,,,,,,,,
498916635,,,,,,,,
444335458,,,,,,,,
437220821,,,,,,,,
470767083,,,,,,,,
487392259,,,,,,,,
481965387,,,,,,,,
431843330,,,,,,,,
484326742,,,,,,,,
423019746,,,,,,,,
450179870,,,,,,,,
411024730,,,,,,,,
435229837,,,,,,,,
429279701,,,,,,,,
497669940,,,,,,,,
434593889,,,,,,,,
401507445,,,,,,,,
436403794,,,,,,,,
491849535,,,,,,,,
409480467,,,,,,,,
496333166,,,,,,,,
439404837,,,,,,,,
487778741,,,,,,,,
438957519,,,,,,,,
418288366,,,,,,,,
423701112,,,,,,,,
435742254,,,,,,,,
487953968,,,,,,,,
427881783,,,,,,,,
458630958,,,,,,,,
416377656,,,,,,,,
468688089,,,,,,,,
479501372,,,,,,,,
417845048,,,,,,,,
404845860,,,,,,,,
423626959,,,,,,,,
427136371,,,,,,,,
497380193,,,,,,,,
456258649,,,,,,,,
458655841,,,,,,,,
439492784,,,,,,,,
467159905,,,,,,,,
473425971,,,,,,,,
458345260,,,,,,,,
405535587,,,,,,,,
409733360,,,,,,,,
464958237,,,,,,,,
497332539,,,,,,,,
485026149,,,,,,,,
471255822,,,,,,,,
426856563,,,,,,,,
447088417,,,,,,,,
460283514,,,,,,,,
474030007,,,,,,,,
483946571,,,,,,,,
465718252,,,,,,,,
475183307,,,,,,,,
417369188,,,,,,,,
408858968,,,,,,,,
449951310,,,,,,,,
405318252,,,,,,,,
424109383,,,,,,,,
495732802,,,,,,,,
423100426,,,,,,,,
489279375,,,,,,,,
473789258,,,,,,,,
403414990,,,,,,,,
430528340,,,,,,,,
465177195,,,,,,,,
400332847,,,,,,,,
498652300,,,,,,,,
415035848,,,,,,,,
498807268,,,,,,,,
422011568,,,,,,,,
423619672,,,,,,,,
448590831,,,,,,,,
460274705,,,,,,,,
414528438,,,,,,,,
484101412,,,,,,,,
403946150,,,,,,,,
404427382,,,,,,,,
434258785,,,,,,,,
404739419,,,,,,,,
459948274,,,,,,,,
437107723,,,,,,,,
447998163,,,,,,,,
425985331,,,,,,,,
447717440,,,,,,,,
404018087,,,,,,,,
428009603,,,,,,,,
423741041,,,,,,,,
461384023,,,,,,,,
421905017,,,,,,,,
426728671,,,,,,,,
417144751,,,,,,,,
476694728,,,,,,,,
482802613,,,,,,,,
454176337,,,,,,,,
492557392,,,,,,,,
443556095,,,,,,,,
401235645,,,,,,,,
442945905,,,,,,,,
412526869,,,,,,,,
444461745,,,,,,,,
441567987,,,,,,,,
400571811,,,,,,,,
497355200,,,,,,,,
439753667,,,,,,,,
458092264,,,,,,,,
417154390,,,,,,,,
463866438,,,,,,,,
452796784,,,,,,,,
403991641,,,,,,,,
417306185,,,,,,,,
481070697,,,,,,,,
483399920,,,,,,,,
416964934,,,,,,,,
419801752,,,,,,,,
455642434,,,,,,,,
476195202,,,,,,,,
469091303,,,,,,,,
495754328,,,,,,,,
491478735,,,,,,,,
412191848,,,,,,,,
476421007,,,,,,,,
496709117,,,,,,,,
477075975,,,,,,,,
436349185,,,,,,,,
499813805,,,,,,,,
457734392,,,,,,,,
442060941,,,,,,,,
481767643,,,,,,,,
432706769,,,,,,,,
467407990,,,,,,,,
489935133,,,,,,,,
401975418,,,,,,,,
463778440,,,,,,,,
436538170,,,,,,,,
457938588,,,,,,,,
476792310,,,,,,,,
422886403,,,,,,,,
490524265,,,,,,,,
476912277,,,,,,,,
414381290,,,,,,,,
467190474,,,,,,,,
456453900,,,,,,,,
404135779,,,,,,,,
432352100,,,,,,,,
441033961,,,,,,,,
415349985,,,,,,,,
480339508,,,,,,,,
464160229,,,,,,,,
447940453,,,,,,,,
442422126,,,,,,,,
418438582,,,,,,,,
403548424,,,,,,,,
405993923,,,,,,,,
463743444,,,,,,,,
466007890,,,,,,,,
469406838,,,,,,,,
418904934,,,,,,,,
416465234,,,,,,,,
496115743,,,,,,,,
446181845,,,,,,,,
484225992,,,,,,,,
411498314,,,,,,,,
471856046,,,,,,,,
430842402,,,,,,,,
477464237,,,,,,,,
462531291,,,,,,,,
498766584,,,,,,,,
496416788,,,,,,,,
496249730,,,,,,,,
463322376,,,,,,,,
426293774,,,,,,,,
464241450,,,,,,,,
422252894,,,,,,,,
466392832,,,,,,,,
484561728,,,,,,,,
462317576,,,,,,,,
460204690,,,,,,,,
440566492,,,,,,,,
445926296,,,,,,,,
435549941,,,,,,,,
443158357,,,,,,,,
462241195,,,,,,,,
482142276,,,,,,,,
465146450,,,,,,,,
451041640,,,,,,,,
425844459,,,,,,,,
447444754,,,,,,,,
449085752,,,,,,,,
475583639,,,,,,,,
442617019,,,,,,,,
455443058,,,,,,,,
493314157,,,,,,,,
478860518,,,,,,,,
433684342,,,,,,,,
433448617,,,,,,,,
464212038,,,,,,,,
434989500,,,,,,,,
413317586,,,,,,,,
431705561,,,,,,,,
456873762,,,,,,,,
414910740,,,,,,,,
401351938,,,,,,,,
436965571,,,,,,,,
440874141,,,,,,,,
472731778,,,,,,,,
499921566,,,,,,,,
489946214,,,,,,,,
455448287,,,,,,,,
418769492,,,,,,,,
418986980,,,,,,,,
434434557,,,,,,,,
439390635,,,,,,,,
419209547,,,,,,,,
437571824,,,,,,,,
432145587,,,,,,,,
497482841,,,,,,,,
445213614,,,,,,,,
443192707,,,,,,,,
461917571,,,,,,,,
424889158,,,,,,,,
405339643,,,,,,,,
400656919,,,,,,,,
484424181,,,,,,,,
433711789,,,,,,,,
434300730,,,,,,,,
463219435,,,,,,,,
494305838,,,,,,,,
451777624,,,,,,,,
478373275,,,,,,,,
454031895,,,,,,,,
400470410,,,,,,,,
492731682,,,,,,,,
413175208,,,,,,,,
413882738,,,,,,,,
472286012,,,,,,,,
428641493,,,,,,,,
453070284,,,,,,,,
432419020,,,,,,,,
464486401,,,,,,,,
431570507,,,,,,,,
463114618,,,,,,,,
454356885,,,,,,,,
486831988,,,,,,,,
488957652,,,,,,,,
464246683,,,,,,,,
479629062,,,,,,,,
415917260,,,,,,,,
439143878,,,,,,,,
430332294,,,,,,,,
456984132,,,,,,,,
455988000,,,,,,,,
418015614,,,,,,,,
411711132,,,,,,,,
404243768,,,,,,,,
443229375,,,,,,,,
455488859,,,,,,,,
484051606,,,,,,,,
475240520,,,,,,,,
453708583,,,,,,,,
411436577,,,,,,,,
413605940,,,,,,,,
433400133,,,,,,,,
419003457,,,,,,,,
494665958,,,,,,,,
450367599,,,,,,,,
484998791,,,,,,,,
475521051,,,,,,,,
465681034,,,,,,,,
409168242,,,,,,,,
471317106,,,,,,,,
473607869,,,,,,,,
484219989,,,,,,,,
475411620,,,,,,,,
418229036,,,,,,,,
450776116,,,,,,,,
425935525,,,,,,,,
476926961,,,,,,,,
494205358,,,,,,,,
429717928,,,,,,,,
459090377,,,,,,,,
496334521,,,,,,,,
433277728,,,,,,,,
436252264,,,,,,,,
441769169,,,,,,,,
459351187,,,,,,,,
438200723,,,,,,,,
444946762,,,,,,,,
472861556,,,,,,,,
423624118,,,,,,,,
490865739,,,,,,,,
450879507,,,,,,,,
405950588,,,,,,,,
409965606,,,,,,,,
461961952,,,,,,,,
434853369,,,,,,,,
414244098,,,,,,,,
463272486,,,,,,,,
429945988,,,,,,,,
436348151,,,,,,,,
476815862,,,,,,,,
403948574,,,,,,,,
490573391,,,,,,,,
473593506,,,,,,,,
441677143,,,,,,,,
432308747,,,,,,,,
462561302,,,,,,,,
453368207,,,,,,,,
409578139,,,,,,,,
478228507,,,,,,,,
472393231,,,,,,,,
494479015,,,,,,,,
473942827,,,,,,,,
446212939,,,,,,,,
431843199,,,,,,,,
448345051,,,,,,,,
446969504,,,,,,,,
492094172,,,,,,,,
405487921,,,,,,,,
437711225,,,,,,,,
499683289,,,,,,,,
481726642,,,,,,,,
402292109,,,,,,,,
450236963,,,,,,,,
444605775,,,,,,,,
424334521,,,,,,,,
415293395,,,,,,,,
417554054,,,,,,,,
493710866,,,,,,,,
443575938,,,,,,,,
476479755,,,,,,,,
482360200,,,,,,,,
431464792,,,,,,,,
447923690,,,,,,,,
490143742,,,,,,,,
406212425,,,,,,,,
453002163,,,,,,,,
488622350,,,,,,,,
457314256,,,,,,,,
498907177,,,,,,,,
430868885,,,,,,,,
448266799,,,,,,,,
406307917,,,,,,,,
456681645,,,,,,,,
490266567,,,,,,,,
485957398,,,,,,,,
400008611,,,,,,,,
480943420,,,,,,,,
492362101,,,,,,,,
476022150,,,,,,,,
499175127,,,,,,,,
411833335,,,,,,,,
447979842,,,,,,,,
416456366,,,,,,,,
422893168,,,,,,,,
451648907,,,,,,,,
409872842,,,,,,,,
450515487,,,,,,,,
462229558,,,,,,,,
472003574,,,,,,,,
420773453,,,,,,,,
440306936,,,,,,,,
471212716,,,,,,,,
495569415,,,,,,,,
426552507,,,,,,,,
454761906,,,,,,,,
480454995,,,,,,,,
418348869,,,,,,,,
499070216,,,,,,,,
486028300,,,,,,,,
453048828,,,,,,,,
491643494,,,,,,,,
451680819,,,,,,,,
488111059,,,,,,,,
429810026,,,,,,,,
414235542,,,,,,,,
471856924,,,,,,,,
439496362,,,,,,,,
491508057,,,,,,,,
494770715,,,,,,,,
440028397,,,,,,,,
467531283,,,,,,,,
499414403,,,,,,,,
431928227,,,,,,,,
451484539,,,,,,,,
436490687,,,,,,,,
462316647,,,,,,,,
425686799,,,,,,,,
409067236,,,,,,,,
493548257,,,,,,,,
418087238,,,,,,,,
476843049,,,,,,,,
408386619,,,,,,,,
487278780,,,,,,,,
410962344,,,,,,,,
453911238,,,,,,,,
494419731,,,,,,,,
421853839,,,,,,,,
491877602,,,,,,,,
406631107,,,,,,,,
428606575,,,,,,,,
486753381,,,,,,,,
468523957,,,,,,,,
483533086,,,,,,,,
468936820,,,,,,,,
406600674,,,,,,,,
484228210,,,,,,,,
467357940,,,,,,,,
432024381,,,,,,,,
488638319,,,,,,,,
410329304,,,,,,,,
476600466,,,,,,,,
475795928,,,,,,,,
406398246,,,,,,,,
495412759,,,,,,,,
494044538,,,,,,,,
414173392,,,,,,,,
447278626,,,,,,,,
426582117,,,,,,,,
473879509,,,,,,,,
451009302,,,,,,,,
469025946,,,,,,,,
422887592,,,,,,,,
447835557,,,,,,,,
499537855,,,,,,,,
455530493,,,,,,,,
499098612,,,,,,,,
497748260,,,,,,,,
435733365,,,,,,,,
435878815,,,,,,,,
409198287,,,,,,,,
487060357,,,,,,,,
419221775,,,,,,,,
432266704,,,,,,,,
403294259,,,,,,,,
446991246,,,,,,,,
403769737,,,,,,,,
432161584,,,,,,,,
409081802,,,,,,,,
494452500,,,,,,,,
450879724,,,,,,,,
438013179,,,,,,,,
479561448,,,,,,,,
418260293,,,,,,,,
454648508,,,,,,,,
433846623,,,,,,,,
432404801,,,,,,,,
407793293,,,,,,,,
483800258,,,,,,,,
422232238,,,,,,,,
443178645,,,,,,,,
413967232,,,,,,,,
447684439,,,,,,,,
427411428,,,,,,,,
444578798,,,,,,,,
426245052,,,,,,,,
497032540,,,,,,,,
430768228,,,,,,,,
426891661,,,,,,,,
421374109,,,,,,,,
477396663,,,,,,,,
403371284,,,,,,,,
431092708,,,,,,,,
489639679,,,,,,,,
463446790,,,,,,,,
426971112,,,,,,,,
475307667,,,,,,,,
472646542,,,,,,,,
415682556,,,,,,,,
449622708,,,,,,,,
457803479,,,,,,,,
452988192,,,,,,,,
417619212,,,,,,,,
405013689,,,,,,,,
435242582,,,,,,,,
420635813,,,,,,,,
471136364,,,,,,,,
435613324,,,,,,,,
483625401,,,,,,,,
403476810,,,,,,,,
450432008,,,,,,,,
498918006,,,,,,,,
411162450,,,,,,,,
490155380,,,,,,,,
440903256,,,,,,,,
403353758,,,,,,,,
407258704,,,,,,,,
492215259,,,,,,,,
418279095,,,,,,,,
415806670,,,,,,,,
479859445,,,,,,,,
489517370,,,,,,,,
455459372,,,,,,,,
406287215,,,,,,,,
454598111,,,,,,,,
478002885,,,,,,,,
479768166,,,,,,,,
446894581,,,,,,,,
483503102,,,,,,,,
492094715,,,,,,,,
441708550,,,,,,,,
462032335,,,,,,,,
438461931,,,,,,,,
405378223,,,,,,,,
497809717,,,,,,,,
434736824,,,,,,,,
445207442,,,,,,,,
422674551,,,,,,,,
454786305,,,,,,,,
410014986,,,,,,,,
447282344,,,,,,,,
464217620,,,,,,,,
469983660,,,,,,,,
400248255,,,,,,,,
476254569,,,,,,,,
408368508,,,,,,,,
453961728,,,,,,,,
490004565,,,,,,,,
444397491,,,,,,,,
403148590,,,,,,,,
475074135,,,,,,,,
458010450,,,,,,,,
469115397,,,,,,,,
478845484,,,,,,,,
423027897,,,,,,,,
482570507,,,,,,,,
484585984,,,,,,,,
494043448,,,,,,,,
448663190,,,,,,,,
473381635,,,,,,,,
495408125,,,,,,,,
425652596,,,,,,,,
460571436,,,,,,,,
477474536,,,,,,,,
479484491,,,,,,,,
469858932,,,,,,,,
425673893,,,,,,,,
439925221,,,,,,,,
452935069,,,,,,,,
455389844,,,,,,,,
490511869,,,,,,,,
461014371,,,,,,,,
468528986,,,,,,,,
483087366,,,,,,,,
412753552,,,,,,,,
480672556,,,,,,,,
430938494,,,,,,,,
496504194,,,,,,,,
468301357,,,,,,,,
438334469,,,,,,,,
477060321,,,,,,,,
457085041,,,,,,,,
478387636,,,,,,,,
401735547,,,,,,,,
487716077,,,,,,,,
444468658,,,,,,,,
483175451,,,,,,,,
431719403,,,,,,,,
468234717,,,,,,,,
427543405,,,,,,,,
473635043,,,,,,,,
451784747,,,,,,,,
459736585,,,,,,,,
455112004,,,,,,,,
481845534,,,,,,,,
420885571,,,,,,,,
420379816,,,,,,,,
496368704,,,,,,,,
421375325,,,,,,,,
465908555,,,,,,,,
446396456,,,,,,,,
420864743,,,,,,,,
464023493,,,,,,,,
416286797,,,,,,,,
486436914,,,,,,,,
445235707,,,,,,,,
436958501,,,,,,,,
497369133,,,,,,,,
439557852,,,,,,,,
489686973,,,,,,,,
425169318,,,,,,,,
481449471,,,,,,,,
417130007,,,,,,,,
481081107,,,,,,,,
468148085,,,,,,,,
465770693,,,,,,,,
492008832,,,,,,,,
411443765,,,,,,,,
446852229,,,,,,,,
445352881,,,,,,,,
454502258,,,,,,,,
410802261,,,,,,,,
467247958,,,,,,,,
475155745,,,,,,,,
443986286,,,,,,,,
421493657,,,,,,,,
460115925,,,,,,,,
470870296,,,,,,,,
427460530,,,,,,,,
467426868,,,,,,,,
433303687,,,,,,,,
480544964,,,,,,,,
451902220,,,,,,,,
496255923,,,,,,,,
432238652,,,,,,,,
470286509,,,,,,,,
405968594,,,,,,,,
435019225,,,,,,,,
487268942,,,,,,,,
406436271,,,,,,,,
488414037,,,,,,,,
440522223,,,,,,,,
452278629,,,,,,,,
483907377,,,,,,,,
495529649,,,,,,,,
444588682,,,,,,,,
468027635,,,,,,,,
445778781,,,,,,,,
407979454,,,,,,,,
491278260,,,,,,,,
415795531,,,,,,,,
462777069,,,,,,,,
478598761,,,,,,,,
438265905,,,,,,,,
462162372,,,,,,,,
492937218,,,,,,,,
497036640,,,,,,,,
447801074,,,,,,,,
434138593,,,,,,,,
421518569,,,,,,,,
